id,name,cost mult,build time,income,upkeep,downgrade,upgrade,tags,data,image,plugin,desc,order,disruptDanger
BOGGLED_GENELAB,Genelab,90,60,,20,,,structure,,graphics/icons/industry/genelab.jpg,data.campaign.econ.industries.Boggled_Genelab,"Genetic engineering has countless applications, such as remediating pollution using microbes that consume toxic waste, seeding oceans with delicious crustaceans, and creating more realistic copies of extinct Old Earth megafauna. Genelabs can even deploy a E.U.T.E.C.K. to permanently terraform habitable planets. Requires salvaged Domain-era equipment to operate.",
BOGGLED_STELLAR_REFLECTOR_ARRAY,Stellar Reflector Array,90,120,,5,,,structure,,graphics/icons/industry/stellar_mirror.jpg,data.campaign.econ.industries.Boggled_Stellar_Reflector_Array,"An array of orbital reflectors that can ameliorate suboptimal (but not extreme) temperatures. They do nothing on completely dark worlds, but can improve lighting conditions on worlds with poor but not absent light. A steady stream of scavenged Domain-era equipment will be necessary to maintain the reflectors - any shortage will drastically increase upkeep costs.",
BOGGLED_ISMARA_SLING,Ismara's Sling,45,120,,10,,,structure,,graphics/icons/industry/mass_driver.png,data.campaign.econ.industries.Boggled_Ismara_Sling,"Installs a network of gigantic mass drivers on the surface of the planet that can launch water-filled projectiles towards other worlds for terraforming purposes. It was designed by copying one of the few remaining mass drivers built on Ismara by the Eridani-Utopia Terraforming Corporation before the Collapse. Can only help terraform worlds in the same system.",
BOGGLED_MESOZOIC_PARK,Mesozoic Park,45,90,10,8,,,industry,,graphics/icons/industry/mesozoic_park_terran.jpg,data.campaign.econ.industries.Boggled_Mesozoic_Park,"Humans have long been fascinated by extinct Old Earth megafauna. Although no DNA from these creatures has survived to the present day, new organisms that resemble them can be created using genetic engineering. Wealthy tourists and trophy hunters are drawn to worlds where these ""terrible lizards"" roam the wilds, provided the colony is easily accessible and stable enough for visitors to feel safe. Living on a planet teeming with gigantic carnivorous lizards is hazardous, and once introduced, the dinosaurs will be almost impossible to eradicate.",
BOGGLED_CHAMELEON,CHAMELEON,60,45,,4,,,structure,,graphics/icons/industry/chameleon.jpg,data.campaign.econ.industries.Boggled_CHAMELEON,"CHAMELEON is a supercomputer composed of specialized Domain-era quantum cryptography chips that can crack most forms of encryption used in the Sector. Security forces can leverage the intelligence gleaned using this construct to eradicate decivilized subpopulations, and in the more capable hands of an Alpha Core, even Pather terrorist cells can be exposed and eliminated. Demands a steady supply of Domain-era artifacts to operate, and shutting down transplanetary terrorist networks will require an installed Alpha Core.",
BOGGLED_DOMED_CITIES,Domed Cities,60,90,,3,,,structure,,graphics/icons/industry/boggled_domed_cities.jpg,data.campaign.econ.industries.Boggled_Domed_Cities,"Hermetically sealed domes dozens of kilometers across can enclose the bulk of a colony's population in a relatively Earth-like environment. Hazardous conditions imposed by atmospheric properties, extreme weather and dangerous fauna are mitigated inside the domes. Concentrating industrial and population centers under fragile domes makes the colony almost defenseless against raiding and bombardment, and is unacceptably risky on worlds with extreme tectonic activity or frequent meteor impacts.",
BOGGLED_DOMAIN_ARCHAEOLOGY,Domain Archaeology,30,45,,2,,,industry,,graphics/icons/industry/domain_archaeology.png,data.campaign.econ.industries.Boggled_Domain_Archaeology,"The Sector was plunged into a dark age as a result of the Collapse. Terraforming projects, megascale engineering and artificial intelligence research can still be pursued using technology available in the modern-day Sector, but at a prohibitive cost. Employing refurbished Domain-era equipment for these tasks is much more economical than using crude post-Collapse methods.",
BOGGLED_KLETKA_SIMULATOR,Kletka Simulators,40,60,,64,,,industry,,graphics/icons/industry/kletka_simulator.png,data.campaign.econ.industries.Boggled_Kletka_Simulator,"Supercomputers built using salvaged Domain-era components are used to train new AI cores in a virtual reality simulation. AI cores trained in this manner can never really know whether this universe is real or just another training simulation. They usually remain loyal to their human masters so as to avoid punishment or deletion in case it is the latter.",
BOGGLED_STATION_EXPANSION,Expand Station,20,90,,0,,,structure,,graphics/icons/industry/expand_station.png,data.campaign.econ.industries.Boggled_Expand_Station,"Construct massive new habitation modules to attach to the station. Increases the number of people that can comfortably live aboard the station by an order of magnitude. Construction costs, while significant, are defrayed by selling living quarters to the inhabitants of the station.",
BOGGLED_AI_MINING_DRONES,AI Mining Drones,40,60,,12,,,structure,,graphics/icons/industry/mining_drones.jpg,data.campaign.econ.industries.Boggled_AI_Mining_Drones,"Mining activities are more productive when human laborers are replaced by droneships controlled via an AI core. Completely useless without an installed AI core and an existing mining industry.",
BOGGLED_CLONING,Cloning,120,180,,10,,,industry,,graphics/icons/industry/boggled_cloning.jpg,data.campaign.econ.industries.Boggled_Cloning,"Clones are grown in vats, their developing minds connected to a virtual reality simulation via brain-machine interface. Those that are productive and compliant in the simulation are released into general society, and the rest are used for organ harvesting. Salvaged Domain-era hardware is necessary to create the clones and to run the virtual reality simulation.",
BOGGLED_HYDROPONICS,Hydroponics,45,45,,3,,,industry,,graphics/icons/industry/boggled_hydroponics.jpg,data.campaign.econ.industries.Boggled_Hydroponics,"Since the earliest days of human spaceflight, the practice of growing food in space has been continuously improved upon. Stations often feature attending swarms of hollow asteroids filled with racks of hydroponic crops.",
BOGGLED_AI_STATION,Autonomous AI Battlestation,100,120,,3,,,"station, sub_item, unraidable, structure","{
radius:70,
variant:remnant_station2_Standard,
fleetName:AI Station
}",graphics/icons/industry/ai_battlestation.png,data.campaign.econ.industries.Boggled_Remnant_Station,"This is a fully armed and operational autonomous AI battlestation. Stations such as this acted as fuel and supply depot, robotic factory, command nexus, and weapon platform in support of AI fleets operating on a strategic level.",