id,trigger,conditions,script,text,options,notes
,,,,,,,
#Terraforming controls at planet - disabled by default per settings file
,,,,,,,
marketAddTerraformingControlPanel,PopulateOptions,"$hasMarket
boggledTerraformingCheckEnabled",,,"10:openTerraformingPanel:Select terraforming project",
openTerraformingControlPanel,DialogOptionSelected,$option == openTerraformingPanel,"boggledTerraformingPrintStatus
FireAll boggledTerraformingPopulateSubmenus",,,
addVanillaTypeTransformationMenu,boggledTerraformingPopulateSubmenus,boggledCheckGenelabExists,,,0:moveToVanillaTypeTransformationList:Planet type transformations,
addUnknownSkiesTypeTransformationMenu,boggledTerraformingPopulateSubmenus,"boggledCheckUnknownSkiesEnabled
boggledCheckGenelabExists",,,0:moveToUnknownSkiesTypeTransformationList:Unknown Skies planet type transformations,
addConditionModificationMenu,boggledTerraformingPopulateSubmenus,boggledCheckGenelabExists,,,0:moveToConditionModificationList:Condition modifications,
addCancelOptionToSubmenuSelection,boggledTerraformingPopulateSubmenus,,,,50:goBackToMainColonyInteractionMenu:Cancel,
enumVanillaTypeTransformationOptions,DialogOptionSelected,$option == moveToVanillaTypeTransformationList,,,"0:paradiseTransformation:Paradise transformation
1:terranTransformation:Terran transformation
2:waterTransformation:Water transformation
3:jungleTransformation:Jungle transformation
4:aridTransformation:Arid transformation
5:tundraTransformation:Tundra transformation
6:volcanicTransformation:Volcanic transformation
7:frozenTransformation:Frozen transformation
50:goBackToMainColonyInteractionMenu:Cancel",
enumUnknownSkiesTypeTransformationOptions,DialogOptionSelected,$option == moveToUnknownSkiesTypeTransformationList,,,"0:auricTransformation:Auric transformation
1:continentalTransformation:Continental transformation
2:artificialTransformation:Artificial transformation
50:goBackToMainColonyInteractionMenu:Cancel",
enumConditionTypeTransformationOptions,DialogOptionSelected,$option == moveToConditionModificationList,,,"0:habitableCondition:Make habitable
1:atmosphereCondition:Optimize atmospheric and temperature conditions
2:coreCondition:Make gravity and tectonics optimal
3:miscCondition:Remove inimical biosphere, radiation and meteor impacts
4:transplutonicCondition:Remove rare ore deposits
5:resourcesCondition:Maximize all resources
6:unknownSkiesCondition:Remove Unknown Skies conditions (if any present)
50:goBackToMainColonyInteractionMenu:Cancel",
goBackToMainColonyInteractionMenuFromTerraformingControlPanel,DialogOptionSelected,$option == goBackToMainColonyInteractionMenu,"$menuState = main 0
FireAll PopulateOptions",,,,
setParadiseTransformation,DialogOptionSelected,$option == paradiseTransformation,"boggledSetTerraformingProjectInGenelab
$menuState = main 0
FireAll PopulateOptions","Terraforming project set to Paradise transformation.",,
setTerranTransformation,DialogOptionSelected,$option == terranTransformation,"boggledSetTerraformingProjectInGenelab
$menuState = main 0
FireAll PopulateOptions","Terraforming project set to Terran transformation.",,
setWaterTransformation,DialogOptionSelected,$option == waterTransformation,"boggledSetTerraformingProjectInGenelab
$menuState = main 0
FireAll PopulateOptions","Terraforming project set to Water transformation.",,
setjungleTransformation,DialogOptionSelected,$option == jungleTransformation,"boggledSetTerraformingProjectInGenelab
$menuState = main 0
FireAll PopulateOptions","Terraforming project set to Jungle transformation.",,
setAridTransformation,DialogOptionSelected,$option == aridTransformation,"boggledSetTerraformingProjectInGenelab
$menuState = main 0
FireAll PopulateOptions","Terraforming project set to Arid transformation.",,
setTundraTransformation,DialogOptionSelected,$option == tundraTransformation,"boggledSetTerraformingProjectInGenelab
$menuState = main 0
FireAll PopulateOptions","Terraforming project set to Tundra transformation.",,
setVolcanicTransformation,DialogOptionSelected,$option == volcanicTransformation,"boggledSetTerraformingProjectInGenelab
$menuState = main 0
FireAll PopulateOptions","Terraforming project set to Volcanic transformation.",,
setFrozenTransformation,DialogOptionSelected,$option == frozenTransformation,"boggledSetTerraformingProjectInGenelab
$menuState = main 0
FireAll PopulateOptions","Terraforming project set to Frozen transformation.",,
setAuricTransformation,DialogOptionSelected,$option == auricTransformation,"boggledSetTerraformingProjectInGenelab
$menuState = main 0
FireAll PopulateOptions","Terraforming project set to Auric transformation.",,
setContinentalTransformation,DialogOptionSelected,$option == continentalTransformation,"boggledSetTerraformingProjectInGenelab
$menuState = main 0
FireAll PopulateOptions","Terraforming project set to Continental transformation.",,
setArtificialTransformation,DialogOptionSelected,$option == artificialTransformation,"boggledSetTerraformingProjectInGenelab
$menuState = main 0
FireAll PopulateOptions","Terraforming project set to Artificial transformation.",,
setHabitableConditionChange,DialogOptionSelected,$option == habitableCondition,"boggledSetTerraformingProjectInGenelab
$menuState = main 0
FireAll PopulateOptions","Terraforming project set to make planet habitable.",,
setAtmosphereConditionChange,DialogOptionSelected,$option == atmosphereCondition,"boggledSetTerraformingProjectInGenelab
$menuState = main 0
FireAll PopulateOptions","Terraforming project set to optimize atmosphere and temperatures.",,
setCoreConditionChange,DialogOptionSelected,$option == coreCondition,"boggledSetTerraformingProjectInGenelab
$menuState = main 0
FireAll PopulateOptions","Terraforming project set to optimize gravity and tectonic conditions.",,
setMiscConditionChange,DialogOptionSelected,$option == miscCondition,"boggledSetTerraformingProjectInGenelab
$menuState = main 0
FireAll PopulateOptions","Terraforming project set to remove inimical biosphere, radiation and meteor impacts.",,
setTransplutonicConditionChange,DialogOptionSelected,$option == transplutonicCondition,"boggledSetTerraformingProjectInGenelab
$menuState = main 0
FireAll PopulateOptions","Terraforming project set to remove rare ore resources.",,
setResourcesConditionChange,DialogOptionSelected,$option == resourcesCondition,"boggledSetTerraformingProjectInGenelab
$menuState = main 0
FireAll PopulateOptions","Terraforming project set to maximize resources.",,
setUnknownSkiesConditionChange,DialogOptionSelected,$option == unknownSkiesCondition,"boggledSetTerraformingProjectInGenelab
$menuState = main 0
FireAll PopulateOptions","Terraforming project set to remove all Uknown Skies conditions (if any present).",,
,,,,,,,
#stations under construction interactions
,,,,,,,
boggledMiningStationUnderConstructionOpenDialog,OpenInteractionDialog,"$tag:boggled_mining_station
!$hasMarket","ShowDefaultVisual
boggledStationUnderConstructionPrintDescription
SetShortcut boggledMiningStationUnderConstructionLeave ""ESCAPE""",,boggledMiningStationUnderConstructionLeave:Leave,,
boggledMiningStationUnderConstructionLeave,DialogOptionSelected,$option == boggledMiningStationUnderConstructionLeave,DismissDialog,,,,
boggledSiphonStationUnderConstructionOpenDialog,OpenInteractionDialog,"$tag:boggled_siphon_station
!$hasMarket","ShowDefaultVisual
boggledStationUnderConstructionPrintDescription
SetShortcut boggledSiphonStationUnderConstructionLeave ""ESCAPE""",,boggledSiphonStationUnderConstructionLeave:Leave,,
boggledSiphonStationUnderConstructionLeave,DialogOptionSelected,$option == boggledSiphonStationUnderConstructionLeave,DismissDialog,,,,
boggledAstropolisStationUnderConstructionOpenDialog,OpenInteractionDialog,"$tag:boggled_astropolis
!$hasMarket","ShowDefaultVisual
boggledStationUnderConstructionPrintDescription
SetShortcut boggledAstropolisStationUnderConstructionLeave ""ESCAPE""",,boggledAstropolisStationUnderConstructionLeave:Leave,,
boggledAstropolisStationUnderConstructionLeave,DialogOptionSelected,$option == boggledAstropolisStationUnderConstructionLeave,DismissDialog,,,,
,,,,,,,
#Building Domain-era stable location structures
,,,,,,,
stable_buildRelayDomainOpt,Stable_AddBuildOptions,boggledObjectiveCheckEnabled,,,40:SL_buildDomainRelay:Construct a Domain-tech comm relay,
stable_buildArrayDomainOpt,Stable_AddBuildOptions,boggledObjectiveCheckEnabled,,,50:SL_buildDomainArray:Construct a Domain-tech sensor array,
stable_buildBuoyDomainOpt,Stable_AddBuildOptions,boggledObjectiveCheckEnabled,,,60:SL_buildDomainBuoy:Construct a Domain-tech nav buoy,
stable_buildInactiveGateOpt,Stable_AddBuildOptions,boggledObjectiveCheckEnabled,,,70:SL_buildInactiveGate:Construct an inactive Gate,
stable_buildDomainRelay,DialogOptionSelected,$option == SL_buildDomainRelay,"$slBuildType = comm_relay 0
boggledObjectivePrintDescription $slBuildType
FireBest Stable_DomainBuildConfirmOptions",,,
stable_buildDomainSensor,DialogOptionSelected,$option == SL_buildDomainArray,"$slBuildType = sensor_array 0
boggledObjectivePrintDescription $slBuildType
FireBest Stable_DomainBuildConfirmOptions",,,
stable_buildDomainBuoy,DialogOptionSelected,$option == SL_buildDomainBuoy,"$slBuildType = nav_buoy 0
boggledObjectivePrintDescription $slBuildType
FireBest Stable_DomainBuildConfirmOptions",,,
stable_buildInactiveGate,DialogOptionSelected,$option == SL_buildInactiveGate,"$slBuildType = inactive_gate 0
boggledObjectivePrintDescription $slBuildType
FireBest Stable_DomainBuildConfirmOptions",,,
stable_confirmOptsDomain,Stable_DomainBuildConfirmOptions,boggledObjectiveCanBuild $slBuildType,,,"boggledDomainbuildProceed:Proceed
SL_cancelBuild:Never mind",
stable_confirmOptsCantDomain,Stable_DomainBuildConfirmOptions,!boggledObjectiveCanBuild $slBuildType,SetEnabled boggledDomainbuildProceed false,,"boggledDomainbuildProceed:Proceed
SL_cancelBuild:Never mind",
stable_buildProceedDomain,DialogOptionSelected,$option == boggledDomainbuildProceed,"boggledObjectiveBuild $slBuildType
DismissDialog",,,
,,,,,,,
#Upgrading sector-tech stable location structures
,,,,,,,
stable_upgradeRelayDomainOpt,COB_AddOptions,"boggledObjectiveCheckEnabled
$tag:makeshift
$tag:comm_relay",,,21:SL_upgradeToDomainRelay:Upgrade this relay to Domain-tech,
stable_upgradeArrayDomainOpt,COB_AddOptions,"boggledObjectiveCheckEnabled
$tag:makeshift
$tag:sensor_array",,,21:SL_upgradeToDomainArray:Upgrade this sensor array to Domain-tech,
stable_upgradeBuoyDomainOpt,COB_AddOptions,"boggledObjectiveCheckEnabled
$tag:makeshift
$tag:nav_buoy",,,21:SL_upgradeToDomainBuoy:Upgrade this nav buoy to Domain-tech,
#
stable_upgradeToDomainRelay,DialogOptionSelected,$option == SL_upgradeToDomainRelay,"$slBuildType = comm_relay 0
boggledObjectivePrintDescription $slBuildType
FireBest Stable_DomainUpgradeConfirmOptions",,,
stable_upgradeToDomainArray,DialogOptionSelected,$option == SL_upgradeToDomainArray,"$slBuildType = sensor_array 0
boggledObjectivePrintDescription $slBuildType
FireBest Stable_DomainUpgradeConfirmOptions",,,
stable_upgradeToDomainBuoy,DialogOptionSelected,$option == SL_upgradeToDomainBuoy,"$slBuildType = nav_buoy 0
boggledObjectivePrintDescription $slBuildType
FireBest Stable_DomainUpgradeConfirmOptions",,,
#
stable_confirmOptsDomainUpgrade,Stable_DomainUpgradeConfirmOptions,boggledObjectiveCanBuild $slBuildType,,,"boggledDomainUpgradeProceed:Proceed
SL_cancelUpgrade:Never mind",
stable_confirmOptsCantDomainUpgrade,Stable_DomainUpgradeConfirmOptions,!boggledObjectiveCanBuild $slBuildType,SetEnabled boggledDomainUpgradeProceed false,,"boggledDomainUpgradeProceed:Proceed
SL_cancelUpgrade:Never mind",
stable_upgradeProceedDomain,DialogOptionSelected,$option == boggledDomainUpgradeProceed,"boggledObjectiveBuild $slBuildType
DismissDialog",,,
stable_nevermindBoggledUpgrade,DialogOptionSelected,$option == SL_cancelUpgrade,"ShowDefaultVisual
FireAll COB_AddOptions
FireBest COB_DisableOptionsIfNeeded
FireAll COB_DisableIndividualOptions",,,