{
    "id":"tasc_example_plugin",
	"name":"TASC Example Plugin",
	"author":"Evangel",
    "utility":"false",
	"version":"1.0.0",
	"description":"Example showing how to add a requirement to TASC.",
    "gameVersion": "0.97a-RC6",
  	"jars":["jars/tasc_example_plugin.jar"],
  	"modPlugin":"evangel.tasc.ExamplePlugin",
	"dependencies": [
        {
            "id": "Terraforming & Station Construction",
            "name": "Terraforming & Station Construction",
            "version": "9.0.0"
        },
        {
            "id": "lunalib",
            "name": "LunaLib",
            "version": "1.8.4"
        },
        {
            "id": "aotd_vok",
            "name": "AoTD- Vaults of Knowledge ",
            "version": "2.0.12"
        }
    ]
}
