{
    "id":"tasc_simple_example_plugin",
	"name":"TASC Simple Example Plugin",
	"author":"Evangel",
    "utility":"false",
	"version":"1.0.0",
	"description":"Example showing how to add a new project to TASC.",
    "gameVersion": "0.97a-RC6",
	"dependencies": [
        {
            "id": "Terraforming & Station Construction",
            "name": "Terraforming & Station Construction",
            "version": "9.0.0"
        },
        {
            "id": "lunalib",
            "name": "LunaLib",
            "version": "1.8.4"
        }
    ]
}
