id,enable_settings,duration_modifier_type,data
planet_size,,PlanetSize,
terraforming_type_change_setting,,DurationSettingModifier,boggledTerraformingTime
resource_improvement_setting,,DurationSettingModifier,boggledResourceImprovementTime
condition_improvement_setting,,DurationSettingModifier,boggledConditionImprovementTime
station_construction_setting,boggledStationConstructionDelayEnabled,DurationSettingModifier,boggledStationConstructionDelayDays
perihelion_construction_setting,,DurationSettingModifier,boggledPerihelionProjectDaysToFinish
