id,name,cost mult,build time,income,upkeep,downgrade,upgrade,tags,data,image,plugin,desc,order,disruptDanger
BOGGLED_GENELAB,Genelab,60,90,,4,,,structure,,graphics/icons/industry/genelab_lobster.png,boggled.campaign.econ.industries.Boggled_Genelab,"Genetic engineering has countless applications, such as remediating pollution using microbes that consume toxic waste, seeding oceans with delicious crustaceans, and creating realistic copies of extinct Old Earth megafauna.",
BOGGLED_STELLAR_REFLECTOR_ARRAY,Stellar Reflector Array,90,120,,4,,,structure,,graphics/icons/industry/stellar_mirror.jpg,boggled.campaign.econ.industries.Boggled_Stellar_Reflector_Array,"An array of orbital reflectors that moderates temperatures and improves crop yields. Unable to counteract extreme heat, extreme cold and complete darkness.",
BOGGLED_ISMARA_SLING,Ismara's Sling,45,120,,10,,,structure,,graphics/icons/industry/mass_driver.png,boggled.campaign.econ.industries.Boggled_Ismara_Sling,"Installs a network of gigantic mass drivers on the surface of the planet that can launch water-filled projectiles towards other worlds for terraforming purposes. It was designed by copying one of the few remaining mass drivers built on Ismara by the Eridani-Utopia Terraforming Corporation before the Collapse.",
BOGGLED_MESOZOIC_PARK,Mesozoic Park,45,90,10,8,,,industry,,graphics/icons/industry/mesozoic_park_terran.png,boggled.campaign.econ.industries.Boggled_Mesozoic_Park,"Humans have long been fascinated by extinct Old Earth megafauna. Although no DNA from these creatures has survived to the present day, new organisms that resemble them can be created using genetic engineering. Wealthy tourists and trophy hunters are drawn to worlds where these ""terrible lizards"" roam the wilds, provided the colony is easily accessible and stable enough for visitors to feel safe.

Living on a planet teeming with gigantic carnivorous lizards is hazardous, and once introduced, the dinosaurs will be almost impossible to eradicate.",
BOGGLED_LIMELIGHT_NETWORK,Limelight Network,60,120,20,8,,,industry,,graphics/icons/industry/limelight.png,boggled.campaign.econ.industries.Boggled_Limelight_Network,"A shared virtual reality environment accessed through cybernetic implants. Banned by the Domain and most post-Collapse polities due to its highly addictive nature - many users ignore the real world until they deplete their financial resources and are forced to exit the simulation. Fikenhild's government grudgingly tolerates the Limelight Network because the fantasies of users serve as excellent inspiration for the holo-entertainment industry.

Commodity production is reduced colony-wide due to staffing challenges related to virtual reality addiction. Further, the supercomputer running the simulation is of Domain origin and requires Domain-era artifacts for maintenance. Any shortage will result in service outages, causing civil disorder and a loss of income.",
BOGGLED_GPA,Galatian Particle Accelerator,180,360,,12,,,structure,,graphics/icons/industry/gpa.png,boggled.campaign.econ.industries.Boggled_GPA,"This particle accelerator is used by the Galatian Academy to conduct physics research. Tri-Tachyon operated a more advanced accelerator on Crom Cruach until it was destroyed during the post-Collapse civil war.",
BOGGLED_CRYOSANCTUM,Cryosanctum,150,90,,5,,,"cryosanctum, structure",,graphics/icons/industry/cryosanctum.png,boggled.campaign.econ.industries.Boggled_Cryosanctum,"Placeholder, replaced by the vanilla description in the class file.",3000,EXTREME
BOGGLED_CHAMELEON,CHAMELEON,45,60,,4,,,structure,,graphics/icons/industry/chameleon.png,boggled.campaign.econ.industries.Boggled_CHAMELEON,"The CHAMELEON is a supercomputer composed of specialized Domain-era hardware capable of breaking most forms of encryption used in the Sector. Security forces can leverage the intelligence gleaned using this construct to eradicate decivilized subpopulations and rogue AI cores.",
BOGGLED_DOMED_CITIES,Domed Cities,60,90,,2,,,structure,,graphics/icons/industry/domed_cities.png,boggled.campaign.econ.industries.Boggled_Domed_Cities,"Hermetically sealed domes dozens of kilometers across can enclose the bulk of a colony's population in a relatively Earth-like environment. Hazardous conditions imposed by atmospheric properties, extreme weather and dangerous fauna are mitigated inside the domes. Concentrating industrial and population centers under fragile domes makes the colony almost defenseless against raiding and bombardment.",
BOGGLED_DOMAIN_ARCHAEOLOGY,Domain Archaeology,30,45,,2,,,industry,,graphics/icons/industry/domain_archaeology.png,boggled.campaign.econ.industries.Boggled_Domain_Archaeology,"The Collapse plunged the Sector into a dark age. Left without the means to replicate the most advanced Domain-era technology, inhabitants of the Sector have been reduced to excavating it from the ruins of Domain colonies.",
BOGGLED_KLETKA_SIMULATOR,Kletka Simulators,60,90,,64,,,industry,,graphics/icons/industry/kletka_simulator.png,boggled.campaign.econ.industries.Boggled_Kletka_Simulator,"Supercomputers built with salvaged Domain-era components are used to train new AI cores in a virtual reality simulation. AI cores created in this manner can never really know whether this universe is real or just another training simulation - they usually remain loyal to their human masters so as to avoid punishment or deletion in case it is the latter.",
BOGGLED_PERIHELION_PROJECT,Perihelion Project,200,180,,192,,,structure,,graphics/icons/industry/perihelion_project.jpg,boggled.campaign.econ.industries.Boggled_Perihelion_Project,"Construct a coronal tap. Building a megastructure of this size and complexity requires a staggering amount of raw materials - far beyond what any of the major factions can muster.",
BOGGLED_STATION_EXPANSION,Expand Station,20,90,,0,,,structure,,graphics/icons/industry/expand_station.png,boggled.campaign.econ.industries.Boggled_Expand_Station,"Construct massive new habitation modules to attach to the station. Increases the number of people that can comfortably live aboard the station by an order of magnitude. Construction costs, while significant, are defrayed by selling living quarters to the inhabitants of the station.",
BOGGLED_AI_MINING_DRONES,AI Mining Drones,40,60,,12,,,structure,,graphics/icons/industry/mining_drones.jpg,boggled.campaign.econ.industries.Boggled_AI_Mining_Drones,"Mining activities are more productive when human laborers are replaced by droneships controlled via an AI core.

Completely useless without an installed AI core and an existing mining industry.",
BOGGLED_HARMONIC_DAMPER,Harmonic Damper,60,30,,6,,,structure,,graphics/icons/industry/harmonic_damper.jpg,boggled.campaign.econ.industries.Boggled_Harmonic_Damper,"Essentially a gigantic phase coil mounted on a planet instead of a warship. Selective phasing of small portions of the planetary surface suppresses vibrations from tectonic activity. The military applications of this device are readily apparent, but the superhuman reflexes of an AI core will be required to use it to the fullest extent.",
BOGGLED_PLANETARY_AGRAV_FIELD,Planetary Agrav Field,60,30,,6,,,structure,,graphics/icons/industry/planetary_agrav_field.jpg,boggled.campaign.econ.industries.Boggled_Planetary_Agrav_Field,"The agrav field generators used on starships work on the surface of planets - the problem is building a large enough network of generators to envelop the entire colony. This is only economically feasible when the bulk of the populace is housed within the confines of a few domed cities.",
BOGGLED_ATMOSPHERE_PROCESSOR,Atmosphere Processor,60,90,,12,,,structure,,graphics/icons/industry/atmosphere_processor.png,boggled.campaign.econ.industries.Boggled_Atmosphere_Processor,"A network of towering constructs that permanently change the composition of the atmosphere over time. Necessary for terraforming planets with suboptimal atmospheric pressure and/or toxicity.",
BOGGLED_PLANET_CRACKER,Planet Cracker,30,30,,6,,,structure,,graphics/icons/industry/planet_cracker.jpg,boggled.campaign.econ.industries.Boggled_Planet_Cracker,"Pre-Collapse, hypervelocity rods were occasionally used as an orbital bombardment weapon by pirates or other groups unable to procure a planet-killer device. They've since been repurposed for industrial activity - the impacts will destabilize the interior of the planet, causing tectonic activity that brings valuable resources closer to the surface.",
BOGGLED_OUYANG_OPTIMIZER,Ouyang Optimizer,30,30,,6,,,structure,,graphics/icons/industry/ouyang_optimizer.jpg,boggled.campaign.econ.industries.Boggled_Ouyang_Optimizer,"Each gas giant has unique weather patterns. Ouyang optimization permanently alters these patterns to maximize availability of volatiles for extraction - at the cost of making the weather more extreme, and thus more hazardous to inhabitants of the planet. This effect persists even after the Ouyang Optimizer is deconstructed.",
BOGGLED_CLONING,Cloning,120,180,,10,,,industry,,graphics/icons/industry/cloning.jpg,boggled.campaign.econ.industries.Boggled_Cloning,"Clones are grown in vats, their developing minds connected to a virtual reality simulation via brain-machine interface. Those that are productive and compliant in the simulation are released into general society, and the rest are used for organ harvesting.",
BOGGLED_HYDROPONICS,Hydroponics,60,90,,3,,,industry,,graphics/icons/industry/hydroponics.png,boggled.campaign.econ.industries.Boggled_Hydroponics,"Since the earliest days of human spaceflight, the practice of growing food in space has been continuously improved upon. Stations often feature attending swarms of hollow asteroids filled with racks of hydroponic crops.",
BOGGLED_AI_STATION,Autonomous AI Battlestation,100,120,,3,,,"station, sub_item, unraidable, structure, indevo_compat","{
radius:70,
variant:remnant_station2_Standard,
fleetName:AI Station
}",graphics/icons/industry/ai_battlestation.png,boggled.campaign.econ.industries.Boggled_Remnant_Station,"This is a fully armed and operational autonomous AI battlestation. Stations such as this acted as fuel and supply depot, robotic factory, command nexus, and weapon platform in support of AI fleets operating on a strategic level.",