name,id,type,tags,activationDays,activationCooldown,durationDays,deactivationDays,deactivationCooldown,unlockedAtStart,defaultForAIFleet,musicSuppression,uiOn,uiOff,uiLoop,worldOn,worldOff,worldLoop,icon,plugin,ai,desc,sortOrder
Construct Astropolis Station,boggled_construct_astropolis_station,DURATION,"",0,,0,0,1,TRUE,FALSE,,,,,,,,graphics/icons/abilities/construct_astropolis_station.png,data.campaign.econ.abilities.Construct_Astropolis_Station,,"Construct an astropolis station in orbit around a planet or moon.",5000
Construct Mining Station,boggled_construct_mining_station,DURATION,"",0,,0,0,1,TRUE,FALSE,,,,,,,,graphics/icons/abilities/construct_mining_station.png,data.campaign.econ.abilities.Construct_Mining_Station,,"Construct a mining station in an asteroid belt or asteroid field.",5000
Construct Siphon Station,boggled_construct_siphon_station,DURATION,"",0,,0,0,1,TRUE,FALSE,,,,,,,,graphics/icons/abilities/construct_siphon_station.png,data.campaign.econ.abilities.Construct_Siphon_Station,,"Construct a siphon station in orbit around a gas giant.",5000
Colonize Abandoned Station,boggled_colonize_abandoned_station,DURATION,"",0,,0,0,1,TRUE,FALSE,,,,,,,,graphics/icons/abilities/colonize_abandoned_station.png,data.campaign.econ.abilities.Colonize_Abandoned_Station,,"Colonize an abandoned station.",5000
Deploy Planet-Killer Device,boggled_deploy_planet_killer,DURATION,"",0,,0,0,1,TRUE,FALSE,,,,,,,,graphics/icons/abilities/boggled_planetkiller.png,data.campaign.econ.abilities.Deploy_Planet_Killer,,"Deploy a planet-killer device.",5000
Open Terraforming Control Panel,boggled_open_terraforming_control_panel,DURATION,"",0,,0,0,0,TRUE,FALSE,,,,,,,,graphics/icons/abilities/boggled_open_terraforming_control_panel.png,data.campaign.econ.abilities.Open_Terraforming_Control_Panel,,"Open the terraforming control panel.",5000