id,trigger,conditions,script,text,options,notes
,,,,,,
#Domain-Tech Crafting
,,,,,,
boggledMarketAddCraftingControlPanel,PopulateOptions,boggledCraftingCheckEnabled,,,"21:boggledOpenCraftingPanel:Craft Domain-tech items",
boggledOpenCraftingControlPanel,DialogOptionSelected,$option == boggledOpenCraftingPanel,"boggledCraftingPrintRequirements
FireAll boggledCraftingPopulateSubmenus",,,
boggledAddBackOptionToCraftingMenu,boggledCraftingPopulateSubmenus,,SetShortcut boggledGoBackToMainColonyInteractionMenu ""ESCAPE"",,50:boggledGoBackToMainColonyInteractionMenu:Cancel,
boggledGoBackToCorpSelectionSubmenuTrigger,DialogOptionSelected,$option == boggledGoBackToCorpSelectionSubmenu,"$menuState = main 0
FireAll boggledCraftingPopulateSubmenus",,,,
,,,,,,
#Domain Restricted
,,,,,,
boggledCraftingAddDomainRestricted,boggledCraftingPopulateSubmenus,,,,0:boggledConsiderDomainRestrictedItems:Domain Restricted items,
boggledPopulateDomainRestrictedOptionsTrigger,DialogOptionSelected,$option == boggledConsiderDomainRestrictedItems,FireAll boggledPopulateDomainRestrictedOptions,,,
boggledAddCancelToDomainRestrictedOptions,boggledPopulateDomainRestrictedOptions,,SetShortcut boggledGoBackToCorpSelectionSubmenu ""ESCAPE"",,50:boggledGoBackToCorpSelectionSubmenu:Back,
boggledReturnToDomainRestrictedItemsList,DialogOptionSelected,$option == boggledCancelBuildDomainRestrictedItem,"$menuState = main 0
FireAll boggledPopulateDomainRestrictedOptions",,,
,,,,,,#Corrupted Nanoforge
boggledAddCorruptedNanoforgeYes,boggledPopulateDomainRestrictedOptions,boggledCraftingRequirementsMet,,,0:boggledGoToConfirmCorruptedNanoforge:Corrupted Nanoforge,
boggledAddCorruptedNanoforgeNo,boggledPopulateDomainRestrictedOptions,!boggledCraftingRequirementsMet,SetEnabled boggledGoToConfirmCorruptedNanoforge false,,0:boggledGoToConfirmCorruptedNanoforge:Corrupted Nanoforge,
boggledAddCorruptedNanoforgeConfirmCancel,DialogOptionSelected,$option == boggledGoToConfirmCorruptedNanoforge,SetShortcut boggledCancelBuildDomainRestrictedItem ""ESCAPE"",,"0:boggledConfirmBuildCorruptedNanoforge:Craft Corrupted Nanoforge
1:boggledCancelBuildDomainRestrictedItem:Back",
boggledTriggerCraftingCorruptedNanoforge,DialogOptionSelected,$option == boggledConfirmBuildCorruptedNanoforge,"boggledCraftingBuildItem
$menuState = main 0
FireAll boggledCraftingPopulateSubmenus
boggledCraftingPrintRequirements","Corrupted Nanoforge crafted successfully!",,
,,,,,,#Pristine Nanoforge
boggledAddPristineNanoforgeYes,boggledPopulateDomainRestrictedOptions,boggledCraftingRequirementsMet,,,0:boggledGoToConfirmPristineNanoforge:Pristine Nanoforge,
boggledAddPristineNanoforgeNo,boggledPopulateDomainRestrictedOptions,!boggledCraftingRequirementsMet,SetEnabled boggledGoToConfirmPristineNanoforge false,,0:boggledGoToConfirmPristineNanoforge:Pristine Nanoforge,
boggledAddPristineNanoforgeConfirmCancel,DialogOptionSelected,$option == boggledGoToConfirmPristineNanoforge,SetShortcut boggledCancelBuildDomainRestrictedItem ""ESCAPE"",,"0:boggledConfirmBuildPristineNanoforge:Craft Pristine Nanoforge
1:boggledCancelBuildDomainRestrictedItem:Back",
boggledTriggerCraftingPristineNanoforge,DialogOptionSelected,$option == boggledConfirmBuildPristineNanoforge,"boggledCraftingBuildItem
$menuState = main 0
FireAll boggledCraftingPopulateSubmenus
boggledCraftingPrintRequirements","Pristine Nanoforge crafted successfully!",,
,,,,,,#Synchrotron Core
boggledAddSynchrotronCoreYes,boggledPopulateDomainRestrictedOptions,boggledCraftingRequirementsMet,,,0:boggledGoToConfirmSynchrotronCore:Synchrotron Core,
boggledAddSynchrotronCoreNo,boggledPopulateDomainRestrictedOptions,!boggledCraftingRequirementsMet,SetEnabled boggledGoToConfirmSynchrotronCore false,,0:boggledGoToConfirmSynchrotronCore:Synchrotron Core,
boggledAddSynchrotronCoreConfirmCancel,DialogOptionSelected,$option == boggledGoToConfirmSynchrotronCore,SetShortcut boggledCancelBuildDomainRestrictedItem ""ESCAPE"",,"0:boggledConfirmBuildSynchrotronCore:Craft Synchrotron Core
1:boggledCancelBuildDomainRestrictedItem:Back",
boggledTriggerCraftingSynchrotronCore,DialogOptionSelected,$option == boggledConfirmBuildSynchrotronCore,"boggledCraftingBuildItem
$menuState = main 0
FireAll boggledCraftingPopulateSubmenus
boggledCraftingPrintRequirements","Synchrotron Core crafted successfully!",,
,,,,,,#Hypershunt Tap
boggledAddHypershuntTapYes,boggledPopulateDomainRestrictedOptions,boggledCraftingRequirementsMet,,,0:boggledGoToConfirmHypershuntTap:Hypershunt Tap,
boggledAddHypershuntTapNo,boggledPopulateDomainRestrictedOptions,!boggledCraftingRequirementsMet,SetEnabled boggledGoToConfirmHypershuntTap false,,0:boggledGoToConfirmHypershuntTap:Hypershunt Tap,
boggledAddHypershuntTapConfirmCancel,DialogOptionSelected,$option == boggledGoToConfirmHypershuntTap,SetShortcut boggledCancelBuildDomainRestrictedItem ""ESCAPE"",,"0:boggledConfirmBuildHypershuntTap:Craft Hypershunt Tap
1:boggledCancelBuildDomainRestrictedItem:Back",
boggledTriggerCraftingHypershuntTap,DialogOptionSelected,$option == boggledConfirmBuildHypershuntTap,"boggledCraftingBuildItem
$menuState = main 0
FireAll boggledCraftingPopulateSubmenus
boggledCraftingPrintRequirements","Hypershunt Tap crafted successfully!",,
,,,,,,#Cryoarithmetic Engine
boggledAddCryoarithmeticEngineYes,boggledPopulateDomainRestrictedOptions,boggledCraftingRequirementsMet,,,0:boggledGoToConfirmCryoarithmeticEngine:Cryoarithmetic Engine,
boggledAddCryoarithmeticEngineNo,boggledPopulateDomainRestrictedOptions,!boggledCraftingRequirementsMet,SetEnabled boggledGoToConfirmCryoarithmeticEngine false,,0:boggledGoToConfirmCryoarithmeticEngine:Cryoarithmetic Engine,
boggledAddCryoarithmeticEngineConfirmCancel,DialogOptionSelected,$option == boggledGoToConfirmCryoarithmeticEngine,SetShortcut boggledCancelBuildDomainRestrictedItem ""ESCAPE"",,"0:boggledConfirmBuildCryoarithmeticEngine:Craft Cryoarithmetic Engine
1:boggledCancelBuildDomainRestrictedItem:Back",
boggledTriggerCraftingCryoarithmeticEngine,DialogOptionSelected,$option == boggledConfirmBuildCryoarithmeticEngine,"boggledCraftingBuildItem
$menuState = main 0
FireAll boggledCraftingPopulateSubmenus
boggledCraftingPrintRequirements","Cryoarithmetic Engine crafted successfully!",,
,,,,,,
#Fabrique Orbitale
,,,,,,
boggledCraftingAddFabriqueOrbitale,boggledCraftingPopulateSubmenus,,,,0:boggledConsiderFabriqueOrbitaleItems:Fabrique Orbitale items,
boggledPopulateFabriqueOrbitaleOptionsTrigger,DialogOptionSelected,$option == boggledConsiderFabriqueOrbitaleItems,FireAll boggledPopulateFabriqueOrbitaleOptions,,,
boggledAddCancelToFabriqueOrbitaleOptions,boggledPopulateFabriqueOrbitaleOptions,,SetShortcut boggledGoBackToCorpSelectionSubmenu ""ESCAPE"",,50:boggledGoBackToCorpSelectionSubmenu:Back,
boggledReturnToFabriqueOrbitaleItemsList,DialogOptionSelected,$option == boggledCancelBuildFabriqueOrbitaleItem,"$menuState = main 0
FireAll boggledPopulateFabriqueOrbitaleOptions",,,
,,,,,,#Orbital Fusion Lamp
boggledAddOrbitalFusionLampYes,boggledPopulateFabriqueOrbitaleOptions,boggledCraftingRequirementsMet,,,0:boggledGoToConfirmOrbitalFusionLamp:Orbital Fusion Lamp,
boggledAddOrbitalFusionLampNo,boggledPopulateFabriqueOrbitaleOptions,!boggledCraftingRequirementsMet,SetEnabled boggledGoToConfirmOrbitalFusionLamp false,,0:boggledGoToConfirmOrbitalFusionLamp:Orbital Fusion Lamp,
boggledAddOrbitalFusionLampConfirmCancel,DialogOptionSelected,$option == boggledGoToConfirmOrbitalFusionLamp,SetShortcut boggledCancelBuildFabriqueOrbitaleItem ""ESCAPE"",,"0:boggledConfirmBuildOrbitalFusionLamp:Craft Orbital Fusion Lamp
1:boggledCancelBuildFabriqueOrbitaleItem:Back",
boggledTriggerCraftingOrbitalFusionLamp,DialogOptionSelected,$option == boggledConfirmBuildOrbitalFusionLamp,"boggledCraftingBuildItem
$menuState = main 0
FireAll boggledCraftingPopulateSubmenus
boggledCraftingPrintRequirements","Orbital Fusion Lamp crafted successfully!",,
,,,,,,#Fullerene Spool
boggledAddFullereneSpoolYes,boggledPopulateFabriqueOrbitaleOptions,boggledCraftingRequirementsMet,,,0:boggledGoToConfirmFullereneSpool:Fullerene Spool,
boggledAddFullereneSpoolNo,boggledPopulateFabriqueOrbitaleOptions,!boggledCraftingRequirementsMet,SetEnabled boggledGoToConfirmFullereneSpool false,,0:boggledGoToConfirmFullereneSpool:Fullerene Spool,
boggledAddFullereneSpoolConfirmCancel,DialogOptionSelected,$option == boggledGoToConfirmFullereneSpool,SetShortcut boggledCancelBuildFabriqueOrbitaleItem ""ESCAPE"",,"0:boggledConfirmBuildFullereneSpool:Craft Fullerene Spool
1:boggledCancelBuildFabriqueOrbitaleItem:Back",
boggledTriggerCraftingFullereneSpool,DialogOptionSelected,$option == boggledConfirmBuildFullereneSpool,"boggledCraftingBuildItem
$menuState = main 0
FireAll boggledCraftingPopulateSubmenus
boggledCraftingPrintRequirements","Fullerene Spool crafted successfully!",,
,,,,,,#Plasma Dynamo
boggledAddPlasmaDynamoYes,boggledPopulateFabriqueOrbitaleOptions,boggledCraftingRequirementsMet,,,0:boggledGoToConfirmPlasmaDynamo:Plasma Dynamo,
boggledAddPlasmaDynamoNo,boggledPopulateFabriqueOrbitaleOptions,!boggledCraftingRequirementsMet,SetEnabled boggledGoToConfirmPlasmaDynamo false,,0:boggledGoToConfirmPlasmaDynamo:Plasma Dynamo,
boggledAddPlasmaDynamoConfirmCancel,DialogOptionSelected,$option == boggledGoToConfirmPlasmaDynamo,SetShortcut boggledCancelBuildFabriqueOrbitaleItem ""ESCAPE"",,"0:boggledConfirmBuildPlasmaDynamo:Craft Plasma Dynamo
1:boggledCancelBuildFabriqueOrbitaleItem:Back",
boggledTriggerCraftingPlasmaDynamo,DialogOptionSelected,$option == boggledConfirmBuildPlasmaDynamo,"boggledCraftingBuildItem
$menuState = main 0
FireAll boggledCraftingPopulateSubmenus
boggledCraftingPrintRequirements","Plasma Dynamo crafted successfully!",,
,,,,,,
#Eridani-Utopia Terraforming
,,,,,,
boggledCraftingAddEridaniUtopiaTerraforming,boggledCraftingPopulateSubmenus,,,,0:boggledConsiderEridaniUtopiaTerraformingItems:Eridani-Utopia Terraforming items,
boggledPopulateEridaniUtopiaTerraformingOptionsTrigger,DialogOptionSelected,$option == boggledConsiderEridaniUtopiaTerraformingItems,FireAll boggledPopulateEridaniUtopiaTerraformingOptions,,,
boggledAddCancelToEridaniUtopiaTerraformingOptions,boggledPopulateEridaniUtopiaTerraformingOptions,,SetShortcut boggledGoBackToCorpSelectionSubmenu ""ESCAPE"",,50:boggledGoBackToCorpSelectionSubmenu:Back,
boggledReturnToEridaniUtopiaTerraformingItemsList,DialogOptionSelected,$option == boggledCancelBuildEridaniUtopiaTerraformingItem,"$menuState = main 0
FireAll boggledPopulateEridaniUtopiaTerraformingOptions",,,
,,,,,,#Autonomous Mantle Bore
boggledAddAutonomousMantleBoreYes,boggledPopulateEridaniUtopiaTerraformingOptions,boggledCraftingRequirementsMet,,,0:boggledGoToConfirmAutonomousMantleBore:Autonomous Mantle Bore,
boggledAddAutonomousMantleBoreNo,boggledPopulateEridaniUtopiaTerraformingOptions,!boggledCraftingRequirementsMet,SetEnabled boggledGoToConfirmAutonomousMantleBore false,,0:boggledGoToConfirmAutonomousMantleBore:Autonomous Mantle Bore,
boggledAddAutonomousMantleBoreConfirmCancel,DialogOptionSelected,$option == boggledGoToConfirmAutonomousMantleBore,SetShortcut boggledCancelBuildEridaniUtopiaTerraformingItem ""ESCAPE"",,"0:boggledConfirmBuildAutonomousMantleBore:Craft Autonomous Mantle Bore
1:boggledCancelBuildEridaniUtopiaTerraformingItem:Back",
boggledTriggerCraftingAutonomousMantleBore,DialogOptionSelected,$option == boggledConfirmBuildAutonomousMantleBore,"boggledCraftingBuildItem
$menuState = main 0
FireAll boggledCraftingPopulateSubmenus
boggledCraftingPrintRequirements","Autonomous Mantle Bore crafted successfully!",,
,,,,,,#Soil Nanites
boggledAddSoilNanitesYes,boggledPopulateEridaniUtopiaTerraformingOptions,boggledCraftingRequirementsMet,,,0:boggledGoToConfirmSoilNanites:Soil Nanites,
boggledAddSoilNanitesNo,boggledPopulateEridaniUtopiaTerraformingOptions,!boggledCraftingRequirementsMet,SetEnabled boggledGoToConfirmSoilNanites false,,0:boggledGoToConfirmSoilNanites:Soil Nanites,
boggledAddSoilNanitesConfirmCancel,DialogOptionSelected,$option == boggledGoToConfirmSoilNanites,SetShortcut boggledCancelBuildEridaniUtopiaTerraformingItem ""ESCAPE"",,"0:boggledConfirmBuildSoilNanites:Craft Soil Nanites
1:boggledCancelBuildEridaniUtopiaTerraformingItem:Back",
boggledTriggerCraftingSoilNanites,DialogOptionSelected,$option == boggledConfirmBuildSoilNanites,"boggledCraftingBuildItem
$menuState = main 0
FireAll boggledCraftingPopulateSubmenus
boggledCraftingPrintRequirements","Soil Nanites crafted successfully!",,
,,,,,,
#Ko Combine
,,,,,,
boggledCraftingAddKoCombine,boggledCraftingPopulateSubmenus,,,,0:boggledConsiderKoCombineItems:Ko Combine items,
boggledPopulateKoCombineOptionsTrigger,DialogOptionSelected,$option == boggledConsiderKoCombineItems,FireAll boggledPopulateKoCombineOptions,,,
boggledAddCancelToKoCombineOptions,boggledPopulateKoCombineOptions,,SetShortcut boggledGoBackToCorpSelectionSubmenu ""ESCAPE"",,50:boggledGoBackToCorpSelectionSubmenu:Back,
boggledReturnToKoCombineItemsList,DialogOptionSelected,$option == boggledCancelBuildKoCombineItem,"$menuState = main 0
FireAll boggledPopulateKoCombineOptions",,,
,,,,,,#Catalytic Core
boggledAddCatalyticCoreYes,boggledPopulateKoCombineOptions,boggledCraftingRequirementsMet,,,0:boggledGoToConfirmCatalyticCore:Catalytic Core,
boggledAddCatalyticCoreNo,boggledPopulateKoCombineOptions,!boggledCraftingRequirementsMet,SetEnabled boggledGoToConfirmCatalyticCore false,,0:boggledGoToConfirmCatalyticCore:Catalytic Core,
boggledAddCatalyticCoreConfirmCancel,DialogOptionSelected,$option == boggledGoToConfirmCatalyticCore,SetShortcut boggledCancelBuildKoCombineItem ""ESCAPE"",,"0:boggledConfirmBuildCatalyticCore:Craft Catalytic Core
1:boggledCancelBuildKoCombineItem:Back",
boggledTriggerCraftingCatalyticCore,DialogOptionSelected,$option == boggledConfirmBuildCatalyticCore,"boggledCraftingBuildItem
$menuState = main 0
FireAll boggledCraftingPopulateSubmenus
boggledCraftingPrintRequirements","Catalytic Core crafted successfully!",,
,,,,,,#Combat Drone Replicator
boggledAddCombatDroneReplicatorYes,boggledPopulateKoCombineOptions,boggledCraftingRequirementsMet,,,0:boggledGoToConfirmCombatDroneReplicator:Combat Drone Replicator,
boggledAddCombatDroneReplicatorNo,boggledPopulateKoCombineOptions,!boggledCraftingRequirementsMet,SetEnabled boggledGoToConfirmCombatDroneReplicator false,,0:boggledGoToConfirmCombatDroneReplicator:Combat Drone Replicator,
boggledAddCombatDroneReplicatorConfirmCancel,DialogOptionSelected,$option == boggledGoToConfirmCombatDroneReplicator,SetShortcut boggledCancelBuildKoCombineItem ""ESCAPE"",,"0:boggledConfirmBuildCombatDroneReplicator:Craft Combat Drone Replicator
1:boggledCancelBuildKoCombineItem:Back",
boggledTriggerCraftingCombatDroneReplicator,DialogOptionSelected,$option == boggledConfirmBuildCombatDroneReplicator,"boggledCraftingBuildItem
$menuState = main 0
FireAll boggledCraftingPopulateSubmenus
boggledCraftingPrintRequirements","Combat Drone Replicator crafted successfully!",,
,,,,,,
#Exodyne Biotech
,,,,,,
boggledCraftingAddExodyneBiotech,boggledCraftingPopulateSubmenus,,,,0:boggledConsiderExodyneBiotechItems:Exodyne Biotech items,
boggledPopulateExodyneBiotechOptionsTrigger,DialogOptionSelected,$option == boggledConsiderExodyneBiotechItems,FireAll boggledPopulateExodyneBiotechOptions,,,
boggledAddCancelToExodyneBiotechOptions,boggledPopulateExodyneBiotechOptions,,SetShortcut boggledGoBackToCorpSelectionSubmenu ""ESCAPE"",,50:boggledGoBackToCorpSelectionSubmenu:Back,
boggledReturnToExodyneBiotechItemsList,DialogOptionSelected,$option == boggledCancelBuildExodyneBiotechItem,"$menuState = main 0
FireAll boggledPopulateExodyneBiotechOptions",,,
,,,,,,#Biofactory Embryo
boggledAddBiofactoryEmbryoYes,boggledPopulateExodyneBiotechOptions,boggledCraftingRequirementsMet,,,0:boggledGoToConfirmBiofactoryEmbryo:Biofactory Embryo,
boggledAddBiofactoryEmbryoNo,boggledPopulateExodyneBiotechOptions,!boggledCraftingRequirementsMet,SetEnabled boggledGoToConfirmBiofactoryEmbryo false,,0:boggledGoToConfirmBiofactoryEmbryo:Biofactory Embryo,
boggledAddBiofactoryEmbryoConfirmCancel,DialogOptionSelected,$option == boggledGoToConfirmBiofactoryEmbryo,SetShortcut boggledCancelBuildExodyneBiotechItem ""ESCAPE"",,"0:boggledConfirmBuildBiofactoryEmbryo:Craft Biofactory Embryo
1:boggledCancelBuildExodyneBiotechItem:Back",
boggledTriggerCraftingBiofactoryEmbryo,DialogOptionSelected,$option == boggledConfirmBuildBiofactoryEmbryo,"boggledCraftingBuildItem
$menuState = main 0
FireAll boggledCraftingPopulateSubmenus
boggledCraftingPrintRequirements","Biofactory Embryo crafted successfully!",,
,,,,,,
#Mbaye-Gogol
,,,,,,
boggledCraftingAddMbayeGogol,boggledCraftingPopulateSubmenus,,,,0:boggledConsiderMbayeGogolItems:Mbaye-Gogol items,
boggledPopulateMbayeGogolOptionsTrigger,DialogOptionSelected,$option == boggledConsiderMbayeGogolItems,FireAll boggledPopulateMbayeGogolOptions,,,
boggledAddCancelToMbayeGogolOptions,boggledPopulateMbayeGogolOptions,,SetShortcut boggledGoBackToCorpSelectionSubmenu ""ESCAPE"",,50:boggledGoBackToCorpSelectionSubmenu:Back,
boggledReturnToMbayeGogolItemsList,DialogOptionSelected,$option == boggledCancelBuildMbayeGogolItem,"$menuState = main 0
FireAll boggledPopulateMbayeGogolOptions",,,
,,,,,,#Dealmaker Holosuite
boggledAddDealmakerHolosuiteYes,boggledPopulateMbayeGogolOptions,boggledCraftingRequirementsMet,,,0:boggledGoToConfirmDealmakerHolosuite:Dealmaker Holosuite,
boggledAddDealmakerHolosuiteNo,boggledPopulateMbayeGogolOptions,!boggledCraftingRequirementsMet,SetEnabled boggledGoToConfirmDealmakerHolosuite false,,0:boggledGoToConfirmDealmakerHolosuite:Dealmaker Holosuite,
boggledAddDealmakerHolosuiteConfirmCancel,DialogOptionSelected,$option == boggledGoToConfirmDealmakerHolosuite,SetShortcut boggledCancelBuildMbayeGogolItem ""ESCAPE"",,"0:boggledConfirmBuildDealmakerHolosuite:Craft Dealmaker Holosuite
1:boggledCancelBuildMbayeGogolItem:Back",
boggledTriggerCraftingDealmakerHolosuite,DialogOptionSelected,$option == boggledConfirmBuildDealmakerHolosuite,"boggledCraftingBuildItem
$menuState = main 0
FireAll boggledCraftingPopulateSubmenus
boggledCraftingPrintRequirements","Dealmaker Holosuite crafted successfully!",,
,,,,,,
#Terraforming controls at planet
,,,,,,
boggledMarketAddTerraformingControlPanel,PopulateOptions,boggledTerraformingCheckEnabled,,,"20:boggledOpenTerraformingPanel:Examine terraforming options",
boggledOpenTerraformingControlPanel,DialogOptionSelected,$option == boggledOpenTerraformingPanel,"boggledAddTerraformingController
boggledTerraformingPrintStatus
FireAll boggledTerraformingPopulateSubmenus",,,
boggledAddTypeTransformationMenu,boggledTerraformingPopulateSubmenus,,,,0:boggledMoveToTypeTransformationList:Planet type change options,
boggledAddResourceModificationMenu,boggledTerraformingPopulateSubmenus,,,,1:boggledMoveToResourceImprovementList:Resource deposit improvement options,
boggledAddConditionModificationMenu,boggledTerraformingPopulateSubmenus,,,,2:boggledMoveToConditionImprovementList:Atmospheric conditions improvement options,
boggledAddCancelOptionToSubmenuSelection,boggledTerraformingPopulateSubmenus,,SetShortcut boggledGoBackToMainColonyInteractionMenu ""ESCAPE"",,50:boggledGoBackToMainColonyInteractionMenu:Cancel,
boggledGoBackToMainColonyInteractionMenuFromTerraformingControlPanel,DialogOptionSelected,$option == boggledGoBackToMainColonyInteractionMenu,"$menuState = main 0
FireAll PopulateOptions",,,,
boggledTypeTransformationSubmenu,DialogOptionSelected,$option == boggledMoveToTypeTransformationList,FireAll boggledTerraformingPopulateTypeChangeSubmenus,,,
boggledResourceImprovementSubmenu,DialogOptionSelected,$option == boggledMoveToResourceImprovementList,FireAll boggledTerraformingPopulateResourceImprovementSubmenus,,,
boggledConditionImprovementSubmenu,DialogOptionSelected,$option == boggledMoveToConditionImprovementList,FireAll boggledTerraformingPopulateConditionImprovementSubmenus,,,
,,,,,,
#Cancel current project
boggledAddCancelCurrentProjectMenuYes,boggledTerraformingPopulateSubmenus,!boggledTerraformingCheckProjectOngoing,,,3:boggledMoveToCancelCurrentProjectMenu:Cancel current project,
boggledAddCancelCurrentProjectMenuNo,boggledTerraformingPopulateSubmenus,boggledTerraformingCheckProjectOngoing,SetEnabled boggledMoveToCancelCurrentProjectMenu false,,3:boggledMoveToCancelCurrentProjectMenu:Cancel current project,
boggledCancelCurrentProjectMenu,DialogOptionSelected,$option == boggledMoveToCancelCurrentProjectMenu,"boggledTerraformingPrintResultsAndRequirements
SetShortcut boggledGoBackToTerraformingControlPanelRoot ""ESCAPE""",,"0:boggledTriggerCancelCurrentProject:Cancel project
1:boggledGoBackToTerraformingControlPanelRoot:Back",
boggledTriggerCancelCurrentProject,DialogOptionSelected,$option == boggledTriggerCancelCurrentProject,"boggledTerraformingInitiateProject
$menuState = main 0
FireAll PopulateOptions",,,,
,,,,,,
#Arid type change logic
,,,,,,
boggledAddAridTypeChangeOption,boggledTerraformingPopulateTypeChangeSubmenus,,,,0:boggledConsiderAridTypeChange:Consider terraforming $market into an arid world,
boggledPopulateAridTypeChangeMenu,DialogOptionSelected,$option == boggledConsiderAridTypeChange,FireBest boggledPopulateAridTypeChangeOptions,,,
boggledAridTypeChangeYes,boggledPopulateAridTypeChangeOptions,boggledTerraformingProjectRequirementsMet,"boggledTerraformingPrintResultsAndRequirements
SetShortcut boggledGoBackToTypeChangeSubmenu ""ESCAPE""",,"1:boggledTriggerAridTypeChange:Start terraforming project
50:boggledGoBackToTypeChangeSubmenu:Back",
boggledAridTypeChangeNo,boggledPopulateAridTypeChangeOptions,!boggledTerraformingProjectRequirementsMet,"boggledTerraformingPrintResultsAndRequirements
SetEnabled boggledTriggerAridTypeChange false
SetShortcut boggledGoBackToTypeChangeSubmenu ""ESCAPE""",,"1:boggledTriggerAridTypeChange:Start terraforming project
50:boggledGoBackToTypeChangeSubmenu:Back",
boggledTriggerAridTypeChange,DialogOptionSelected,$option == boggledTriggerAridTypeChange,"boggledTerraformingInitiateProject
$menuState = main 0
FireAll PopulateOptions",,,,
,,,,,,
#Frozen type change logic
,,,,,,
boggledAddFrozenTypeChangeOption,boggledTerraformingPopulateTypeChangeSubmenus,,,,1:boggledConsiderFrozenTypeChange:Consider terraforming $market into a frozen world,
boggledPopulateFrozenTypeChangeMenu,DialogOptionSelected,$option == boggledConsiderFrozenTypeChange,FireBest boggledPopulateFrozenTypeChangeOptions,,,
boggledFrozenTypeChangeYes,boggledPopulateFrozenTypeChangeOptions,boggledTerraformingProjectRequirementsMet,"boggledTerraformingPrintResultsAndRequirements
SetShortcut boggledGoBackToTypeChangeSubmenu ""ESCAPE""",,"1:boggledTriggerFrozenTypeChange:Start terraforming project
50:boggledGoBackToTypeChangeSubmenu:Back",
boggledFrozenTypeChangeNo,boggledPopulateFrozenTypeChangeOptions,!boggledTerraformingProjectRequirementsMet,"boggledTerraformingPrintResultsAndRequirements
SetEnabled boggledTriggerFrozenTypeChange false
SetShortcut boggledGoBackToTypeChangeSubmenu ""ESCAPE""",,"1:boggledTriggerFrozenTypeChange:Start terraforming project
50:boggledGoBackToTypeChangeSubmenu:Back",
boggledTriggerFrozenTypeChange,DialogOptionSelected,$option == boggledTriggerFrozenTypeChange,"boggledTerraformingInitiateProject
$menuState = main 0
FireAll PopulateOptions",,,,
,,,,,,
#Jungle type change logic
,,,,,,
boggledAddJungleTypeChangeOption,boggledTerraformingPopulateTypeChangeSubmenus,,,,2:boggledConsiderJungleTypeChange:Consider terraforming $market into a jungle world,
boggledPopulateJungleTypeChangeMenu,DialogOptionSelected,$option == boggledConsiderJungleTypeChange,FireBest boggledPopulateJungleTypeChangeOptions,,,
boggledJungleTypeChangeYes,boggledPopulateJungleTypeChangeOptions,boggledTerraformingProjectRequirementsMet,"boggledTerraformingPrintResultsAndRequirements
SetShortcut boggledGoBackToTypeChangeSubmenu ""ESCAPE""",,"1:boggledTriggerJungleTypeChange:Start terraforming project
50:boggledGoBackToTypeChangeSubmenu:Back",
boggledJungleTypeChangeNo,boggledPopulateJungleTypeChangeOptions,!boggledTerraformingProjectRequirementsMet,"boggledTerraformingPrintResultsAndRequirements
SetEnabled boggledTriggerJungleTypeChange false
SetShortcut boggledGoBackToTypeChangeSubmenu ""ESCAPE""",,"1:boggledTriggerJungleTypeChange:Start terraforming project
50:boggledGoBackToTypeChangeSubmenu:Back",
boggledTriggerJungleTypeChange,DialogOptionSelected,$option == boggledTriggerJungleTypeChange,"boggledTerraformingInitiateProject
$menuState = main 0
FireAll PopulateOptions",,,,
,,,,,,
#Terran type change logic
,,,,,,
boggledAddTerranTypeChangeOption,boggledTerraformingPopulateTypeChangeSubmenus,,,,3:boggledConsiderTerranTypeChange:Consider terraforming $market into a Terran world,
boggledPopulateTerranTypeChangeMenu,DialogOptionSelected,$option == boggledConsiderTerranTypeChange,FireBest boggledPopulateTerranTypeChangeOptions,,,
boggledTerranTypeChangeYes,boggledPopulateTerranTypeChangeOptions,boggledTerraformingProjectRequirementsMet,"boggledTerraformingPrintResultsAndRequirements
SetShortcut boggledGoBackToTypeChangeSubmenu ""ESCAPE""",,"1:boggledTriggerTerranTypeChange:Start terraforming project
50:boggledGoBackToTypeChangeSubmenu:Back",
boggledTerranTypeChangeNo,boggledPopulateTerranTypeChangeOptions,!boggledTerraformingProjectRequirementsMet,"boggledTerraformingPrintResultsAndRequirements
SetEnabled boggledTriggerTerranTypeChange false
SetShortcut boggledGoBackToTypeChangeSubmenu ""ESCAPE""",,"1:boggledTriggerTerranTypeChange:Start terraforming project
50:boggledGoBackToTypeChangeSubmenu:Back",
boggledTriggerTerranTypeChange,DialogOptionSelected,$option == boggledTriggerTerranTypeChange,"boggledTerraformingInitiateProject
$menuState = main 0
FireAll PopulateOptions",,,,
,,,,,,
#Tundra type change logic
,,,,,,
boggledAddTundraTypeChangeOption,boggledTerraformingPopulateTypeChangeSubmenus,,,,4:boggledConsiderTundraTypeChange:Consider terraforming $market into a tundra world,
boggledPopulateTundraTypeChangeMenu,DialogOptionSelected,$option == boggledConsiderTundraTypeChange,FireBest boggledPopulateTundraTypeChangeOptions,,,
boggledTundraTypeChangeYes,boggledPopulateTundraTypeChangeOptions,boggledTerraformingProjectRequirementsMet,"boggledTerraformingPrintResultsAndRequirements
SetShortcut boggledGoBackToTypeChangeSubmenu ""ESCAPE""",,"1:boggledTriggerTundraTypeChange:Start terraforming project
50:boggledGoBackToTypeChangeSubmenu:Back",
boggledTundraTypeChangeNo,boggledPopulateTundraTypeChangeOptions,!boggledTerraformingProjectRequirementsMet,"boggledTerraformingPrintResultsAndRequirements
SetEnabled boggledTriggerTundraTypeChange false
SetShortcut boggledGoBackToTypeChangeSubmenu ""ESCAPE""",,"1:boggledTriggerTundraTypeChange:Start terraforming project
50:boggledGoBackToTypeChangeSubmenu:Back",
boggledTriggerTundraTypeChange,DialogOptionSelected,$option == boggledTriggerTundraTypeChange,"boggledTerraformingInitiateProject
$menuState = main 0
FireAll PopulateOptions",,,,
,,,,,,
#Water type change logic
,,,,,,
boggledAddWaterTypeChangeOption,boggledTerraformingPopulateTypeChangeSubmenus,,,,5:boggledConsiderWaterTypeChange:Consider terraforming $market into a water world,
boggledPopulateWaterTypeChangeMenu,DialogOptionSelected,$option == boggledConsiderWaterTypeChange,FireBest boggledPopulateWaterTypeChangeOptions,,,
boggledWaterTypeChangeYes,boggledPopulateWaterTypeChangeOptions,boggledTerraformingProjectRequirementsMet,"boggledTerraformingPrintResultsAndRequirements
SetShortcut boggledGoBackToTypeChangeSubmenu ""ESCAPE""",,"1:boggledTriggerWaterTypeChange:Start terraforming project
50:boggledGoBackToTypeChangeSubmenu:Back",
boggledWaterTypeChangeNo,boggledPopulateWaterTypeChangeOptions,!boggledTerraformingProjectRequirementsMet,"boggledTerraformingPrintResultsAndRequirements
SetEnabled boggledTriggerWaterTypeChange false
SetShortcut boggledGoBackToTypeChangeSubmenu ""ESCAPE""",,"1:boggledTriggerWaterTypeChange:Start terraforming project
50:boggledGoBackToTypeChangeSubmenu:Back",
boggledTriggerWaterTypeChange,DialogOptionSelected,$option == boggledTriggerWaterTypeChange,"boggledTerraformingInitiateProject
$menuState = main 0
FireAll PopulateOptions",,,,
,,,,,,
#Farmland resource improvement logic
,,,,,,
boggledAddFarmlandResourceImprovementOption,boggledTerraformingPopulateResourceImprovementSubmenus,,,,0:boggledConsiderFarmlandResourceImprovement:Consider improving the farmland on $market,
boggledPopulateFarmlandResourceImprovementMenu,DialogOptionSelected,$option == boggledConsiderFarmlandResourceImprovement,FireBest boggledPopulateFarmlandResourceImprovementOptions,,,
boggledFarmlandResourceImprovementYes,boggledPopulateFarmlandResourceImprovementOptions,boggledTerraformingProjectRequirementsMet,"boggledTerraformingPrintResultsAndRequirements
SetShortcut boggledGoBackToResourceImprovementSubmenu ""ESCAPE""",,"1:boggledTriggerFarmlandResourceImprovement:Start terraforming project
50:boggledGoBackToResourceImprovementSubmenu:Back",
boggledFarmlandResourceImprovementNo,boggledPopulateFarmlandResourceImprovementOptions,!boggledTerraformingProjectRequirementsMet,"boggledTerraformingPrintResultsAndRequirements
SetEnabled boggledTriggerFarmlandResourceImprovement false
SetShortcut boggledGoBackToResourceImprovementSubmenu ""ESCAPE""",,"1:boggledTriggerFarmlandResourceImprovement:Start terraforming project
50:boggledGoBackToResourceImprovementSubmenu:Back",
boggledTriggerFarmlandResourceImprovement,DialogOptionSelected,$option == boggledTriggerFarmlandResourceImprovement,"boggledTerraformingInitiateProject
$menuState = main 0
FireAll PopulateOptions",,,,
,,,,,,
#Organics resource improvement logic
,,,,,,
boggledAddOrganicsResourceImprovementOption,boggledTerraformingPopulateResourceImprovementSubmenus,,,,0:boggledConsiderOrganicsResourceImprovement:Consider improving the organics on $market,
boggledPopulateOrganicsResourceImprovementMenu,DialogOptionSelected,$option == boggledConsiderOrganicsResourceImprovement,FireBest boggledPopulateOrganicsResourceImprovementOptions,,,
boggledOrganicsResourceImprovementYes,boggledPopulateOrganicsResourceImprovementOptions,boggledTerraformingProjectRequirementsMet,"boggledTerraformingPrintResultsAndRequirements
SetShortcut boggledGoBackToResourceImprovementSubmenu ""ESCAPE""",,"1:boggledTriggerOrganicsResourceImprovement:Start terraforming project
50:boggledGoBackToResourceImprovementSubmenu:Back",
boggledOrganicsResourceImprovementNo,boggledPopulateOrganicsResourceImprovementOptions,!boggledTerraformingProjectRequirementsMet,"boggledTerraformingPrintResultsAndRequirements
SetEnabled boggledTriggerOrganicsResourceImprovement false
SetShortcut boggledGoBackToResourceImprovementSubmenu ""ESCAPE""",,"1:boggledTriggerOrganicsResourceImprovement:Start terraforming project
50:boggledGoBackToResourceImprovementSubmenu:Back",
boggledTriggerOrganicsResourceImprovement,DialogOptionSelected,$option == boggledTriggerOrganicsResourceImprovement,"boggledTerraformingInitiateProject
$menuState = main 0
FireAll PopulateOptions",,,,
,,,,,,
#Volatiles resource improvement logic
,,,,,,
boggledAddVolatilesResourceImprovementOption,boggledTerraformingPopulateResourceImprovementSubmenus,,,,0:boggledConsiderVolatilesResourceImprovement:Consider improving the volatiles on $market,
boggledPopulateVolatilesResourceImprovementMenu,DialogOptionSelected,$option == boggledConsiderVolatilesResourceImprovement,FireBest boggledPopulateVolatilesResourceImprovementOptions,,,
boggledVolatilesResourceImprovementYes,boggledPopulateVolatilesResourceImprovementOptions,boggledTerraformingProjectRequirementsMet,"boggledTerraformingPrintResultsAndRequirements
SetShortcut boggledGoBackToResourceImprovementSubmenu ""ESCAPE""",,"1:boggledTriggerVolatilesResourceImprovement:Start terraforming project
50:boggledGoBackToResourceImprovementSubmenu:Back",
boggledVolatilesResourceImprovementNo,boggledPopulateVolatilesResourceImprovementOptions,!boggledTerraformingProjectRequirementsMet,"boggledTerraformingPrintResultsAndRequirements
SetEnabled boggledTriggerVolatilesResourceImprovement false
SetShortcut boggledGoBackToResourceImprovementSubmenu ""ESCAPE""",,"1:boggledTriggerVolatilesResourceImprovement:Start terraforming project
50:boggledGoBackToResourceImprovementSubmenu:Back",
boggledTriggerVolatilesResourceImprovement,DialogOptionSelected,$option == boggledTriggerVolatilesResourceImprovement,"boggledTerraformingInitiateProject
$menuState = main 0
FireAll PopulateOptions",,,,
,,,,,,
#Extreme Weather condition improvement logic
,,,,,,
boggledAddExtremeWeatherConditionImprovementOption,boggledTerraformingPopulateConditionImprovementSubmenus,,,,0:boggledConsiderExtremeWeatherConditionImprovement:Consider making the weather patterns on $market less extreme,
boggledPopulateExtremeWeatherConditionImprovementMenu,DialogOptionSelected,$option == boggledConsiderExtremeWeatherConditionImprovement,FireBest boggledPopulateExtremeWeatherConditionImprovementOptions,,,
boggledExtremeWeatherConditionImprovementYes,boggledPopulateExtremeWeatherConditionImprovementOptions,boggledTerraformingProjectRequirementsMet,"boggledTerraformingPrintResultsAndRequirements
SetShortcut boggledGoBackToConditionImprovementSubmenu ""ESCAPE""",,"1:boggledTriggerExtremeWeatherConditionImprovement:Start terraforming project
50:boggledGoBackToConditionImprovementSubmenu:Back",
boggledExtremeWeatherConditionImprovementNo,boggledPopulateExtremeWeatherConditionImprovementOptions,!boggledTerraformingProjectRequirementsMet,"boggledTerraformingPrintResultsAndRequirements
SetEnabled boggledTriggerExtremeWeatherConditionImprovement false
SetShortcut boggledGoBackToConditionImprovementSubmenu ""ESCAPE""",,"1:boggledTriggerExtremeWeatherConditionImprovement:Start terraforming project
50:boggledGoBackToConditionImprovementSubmenu:Back",
boggledTriggerExtremeWeatherConditionImprovement,DialogOptionSelected,$option == boggledTriggerExtremeWeatherConditionImprovement,"boggledTerraformingInitiateProject
$menuState = main 0
FireAll PopulateOptions",,,,
,,,,,,
#Mild Climate condition improvement logic
,,,,,,
boggledAddMildClimateConditionImprovementOption,boggledTerraformingPopulateConditionImprovementSubmenus,,,,0:boggledConsiderMildClimateConditionImprovement:Consider making the weather patterns on $market mild,
boggledPopulateMildClimateConditionImprovementMenu,DialogOptionSelected,$option == boggledConsiderMildClimateConditionImprovement,FireBest boggledPopulateMildClimateConditionImprovementOptions,,,
boggledMildClimateConditionImprovementYes,boggledPopulateMildClimateConditionImprovementOptions,boggledTerraformingProjectRequirementsMet,"boggledTerraformingPrintResultsAndRequirements
SetShortcut boggledGoBackToConditionImprovementSubmenu ""ESCAPE""",,"1:boggledTriggerMildClimateConditionImprovement:Start terraforming project
50:boggledGoBackToConditionImprovementSubmenu:Back",
boggledMildClimateConditionImprovementNo,boggledPopulateMildClimateConditionImprovementOptions,!boggledTerraformingProjectRequirementsMet,"boggledTerraformingPrintResultsAndRequirements
SetEnabled boggledTriggerMildClimateConditionImprovement false
SetShortcut boggledGoBackToConditionImprovementSubmenu ""ESCAPE""",,"1:boggledTriggerMildClimateConditionImprovement:Start terraforming project
50:boggledGoBackToConditionImprovementSubmenu:Back",
boggledTriggerMildClimateConditionImprovement,DialogOptionSelected,$option == boggledTriggerMildClimateConditionImprovement,"boggledTerraformingInitiateProject
$menuState = main 0
FireAll PopulateOptions",,,,
,,,,,,
#Habitable condition improvement logic
,,,,,,
boggledAddHabitableConditionImprovementOption,boggledTerraformingPopulateConditionImprovementSubmenus,,,,0:boggledConsiderHabitableConditionImprovement:Consider making the atmosphere on $market human-breathable,
boggledPopulateHabitableConditionImprovementMenu,DialogOptionSelected,$option == boggledConsiderHabitableConditionImprovement,FireBest boggledPopulateHabitableConditionImprovementOptions,,,
boggledHabitableConditionImprovementYes,boggledPopulateHabitableConditionImprovementOptions,boggledTerraformingProjectRequirementsMet,"boggledTerraformingPrintResultsAndRequirements
SetShortcut boggledGoBackToConditionImprovementSubmenu ""ESCAPE""",,"1:boggledTriggerHabitableConditionImprovement:Start terraforming project
50:boggledGoBackToConditionImprovementSubmenu:Back",
boggledHabitableConditionImprovementNo,boggledPopulateHabitableConditionImprovementOptions,!boggledTerraformingProjectRequirementsMet,"boggledTerraformingPrintResultsAndRequirements
SetEnabled boggledTriggerHabitableConditionImprovement false
SetShortcut boggledGoBackToConditionImprovementSubmenu ""ESCAPE""",,"1:boggledTriggerHabitableConditionImprovement:Start terraforming project
50:boggledGoBackToConditionImprovementSubmenu:Back",
boggledTriggerHabitableConditionImprovement,DialogOptionSelected,$option == boggledTriggerHabitableConditionImprovement,"boggledTerraformingInitiateProject
$menuState = main 0
FireAll PopulateOptions",,,,
,,,,,,
#Atmosphere Density condition improvement logic
,,,,,,
boggledAddAtmosphereDensityConditionImprovementOption,boggledTerraformingPopulateConditionImprovementSubmenus,,,,0:boggledConsiderAtmosphereDensityConditionImprovement:Consider normalizing atmospheric density on $market,
boggledPopulateAtmosphereDensityConditionImprovementMenu,DialogOptionSelected,$option == boggledConsiderAtmosphereDensityConditionImprovement,FireBest boggledPopulateAtmosphereDensityConditionImprovementOptions,,,
boggledAtmosphereDensityConditionImprovementYes,boggledPopulateAtmosphereDensityConditionImprovementOptions,boggledTerraformingProjectRequirementsMet,"boggledTerraformingPrintResultsAndRequirements
SetShortcut boggledGoBackToConditionImprovementSubmenu ""ESCAPE""",,"1:boggledTriggerAtmosphereDensityConditionImprovement:Start terraforming project
50:boggledGoBackToConditionImprovementSubmenu:Back",
boggledAtmosphereDensityConditionImprovementNo,boggledPopulateAtmosphereDensityConditionImprovementOptions,!boggledTerraformingProjectRequirementsMet,"boggledTerraformingPrintResultsAndRequirements
SetEnabled boggledTriggerAtmosphereDensityConditionImprovement false
SetShortcut boggledGoBackToConditionImprovementSubmenu ""ESCAPE""",,"1:boggledTriggerAtmosphereDensityConditionImprovement:Start terraforming project
50:boggledGoBackToConditionImprovementSubmenu:Back",
boggledTriggerAtmosphereDensityConditionImprovement,DialogOptionSelected,$option == boggledTriggerAtmosphereDensityConditionImprovement,"boggledTerraformingInitiateProject
$menuState = main 0
FireAll PopulateOptions",,,,
,,,,,,
#Toxic Atmosphere condition improvement logic
,,,,,,
boggledAddToxicAtmosphereConditionImprovementOption,boggledTerraformingPopulateConditionImprovementSubmenus,,,,0:boggledConsiderToxicAtmosphereConditionImprovement:Consider remediating atmospheric toxicity on $market,
boggledPopulateToxicAtmosphereConditionImprovementMenu,DialogOptionSelected,$option == boggledConsiderToxicAtmosphereConditionImprovement,FireBest boggledPopulateToxicAtmosphereConditionImprovementOptions,,,
boggledToxicAtmosphereConditionImprovementYes,boggledPopulateToxicAtmosphereConditionImprovementOptions,boggledTerraformingProjectRequirementsMet,"boggledTerraformingPrintResultsAndRequirements
SetShortcut boggledGoBackToConditionImprovementSubmenu ""ESCAPE""",,"1:boggledTriggerToxicAtmosphereConditionImprovement:Start terraforming project
50:boggledGoBackToConditionImprovementSubmenu:Back",
boggledToxicAtmosphereConditionImprovementNo,boggledPopulateToxicAtmosphereConditionImprovementOptions,!boggledTerraformingProjectRequirementsMet,"boggledTerraformingPrintResultsAndRequirements
SetEnabled boggledTriggerToxicAtmosphereConditionImprovement false
SetShortcut boggledGoBackToConditionImprovementSubmenu ""ESCAPE""",,"1:boggledTriggerToxicAtmosphereConditionImprovement:Start terraforming project
50:boggledGoBackToConditionImprovementSubmenu:Back",
boggledTriggerToxicAtmosphereConditionImprovement,DialogOptionSelected,$option == boggledTriggerToxicAtmosphereConditionImprovement,"boggledTerraformingInitiateProject
$menuState = main 0
FireAll PopulateOptions",,,,
,,,,,,
boggledAddCancelOptionToTypeChangeSubmenu,boggledTerraformingPopulateTypeChangeSubmenus,,SetShortcut boggledGoBackToTerraformingControlPanelRoot ""ESCAPE"",,50:boggledGoBackToTerraformingControlPanelRoot:Back,
boggledAddCancelOptionToResourceImprovementSubmenu,boggledTerraformingPopulateResourceImprovementSubmenus,,SetShortcut boggledGoBackToTerraformingControlPanelRoot ""ESCAPE"",,50:boggledGoBackToTerraformingControlPanelRoot:Back,
boggledAddCancelOptionToConditionImprovementSubmenu,boggledTerraformingPopulateConditionImprovementSubmenus,,SetShortcut boggledGoBackToTerraformingControlPanelRoot ""ESCAPE"",,50:boggledGoBackToTerraformingControlPanelRoot:Back,
boggledGoBackToTypeChangeSubmenu,DialogOptionSelected,$option == boggledGoBackToTypeChangeSubmenu,"$menuState = main 0
FireAll boggledTerraformingPopulateTypeChangeSubmenus",,,,
boggledGoBackToResourceImprovementSubmenu,DialogOptionSelected,$option == boggledGoBackToResourceImprovementSubmenu,"$menuState = main 0
FireAll boggledTerraformingPopulateResourceImprovementSubmenus",,,,
boggledGoBackToConditionImprovementSubmenu,DialogOptionSelected,$option == boggledGoBackToConditionImprovementSubmenu,"$menuState = main 0
FireAll boggledTerraformingPopulateConditionImprovementSubmenus",,,,
boggledGoBackToTerraformingControlPanelRoot,DialogOptionSelected,$option == boggledGoBackToTerraformingControlPanelRoot,"$menuState = main 0
FireAll boggledTerraformingPopulateSubmenus",,,,
,,,,,,
#stations under construction interactions
,,,,,,
boggledMiningStationUnderConstructionOpenDialog,OpenInteractionDialog,"$tag:boggled_mining_station
!$hasMarket","ShowDefaultVisual
boggledStationUnderConstructionPrintDescription
SetShortcut boggledMiningStationUnderConstructionLeave ""ESCAPE""",,boggledMiningStationUnderConstructionLeave:Leave,,
boggledMiningStationUnderConstructionLeave,DialogOptionSelected,$option == boggledMiningStationUnderConstructionLeave,DismissDialog,,,,
boggledSiphonStationUnderConstructionOpenDialog,OpenInteractionDialog,"$tag:boggled_siphon_station
!$hasMarket","ShowDefaultVisual
boggledStationUnderConstructionPrintDescription
SetShortcut boggledSiphonStationUnderConstructionLeave ""ESCAPE""",,boggledSiphonStationUnderConstructionLeave:Leave,,
boggledSiphonStationUnderConstructionLeave,DialogOptionSelected,$option == boggledSiphonStationUnderConstructionLeave,DismissDialog,,,,
boggledAstropolisStationUnderConstructionOpenDialog,OpenInteractionDialog,"$tag:boggled_astropolis
!$hasMarket","ShowDefaultVisual
boggledStationUnderConstructionPrintDescription
SetShortcut boggledAstropolisStationUnderConstructionLeave ""ESCAPE""",,boggledAstropolisStationUnderConstructionLeave:Leave,,
boggledAstropolisStationUnderConstructionLeave,DialogOptionSelected,$option == boggledAstropolisStationUnderConstructionLeave,DismissDialog,,,,
,,,,,,
#Building Domain-era stable location structures
,,,,,,
stable_buildRelayDomainOpt,Stable_AddBuildOptions,boggledObjectiveCheckEnabled,,,40:SL_buildDomainRelay:Construct a Domain-tech comm relay,
stable_buildArrayDomainOpt,Stable_AddBuildOptions,boggledObjectiveCheckEnabled,,,50:SL_buildDomainArray:Construct a Domain-tech sensor array,
stable_buildBuoyDomainOpt,Stable_AddBuildOptions,boggledObjectiveCheckEnabled,,,60:SL_buildDomainBuoy:Construct a Domain-tech nav buoy,
stable_buildInactiveGateOpt,Stable_AddBuildOptions,boggledInactiveGateCheckEnabled,,,70:SL_buildInactiveGate:Construct an inactive Gate,
stable_buildDomainRelay,DialogOptionSelected,$option == SL_buildDomainRelay,"$slBuildType = comm_relay 0
boggledObjectivePrintDescription $slBuildType
FireBest Stable_DomainBuildConfirmOptions",,,
stable_buildDomainSensor,DialogOptionSelected,$option == SL_buildDomainArray,"$slBuildType = sensor_array 0
boggledObjectivePrintDescription $slBuildType
FireBest Stable_DomainBuildConfirmOptions",,,
stable_buildDomainBuoy,DialogOptionSelected,$option == SL_buildDomainBuoy,"$slBuildType = nav_buoy 0
boggledObjectivePrintDescription $slBuildType
FireBest Stable_DomainBuildConfirmOptions",,,
stable_buildInactiveGate,DialogOptionSelected,$option == SL_buildInactiveGate,"$slBuildType = inactive_gate 0
boggledObjectivePrintDescription $slBuildType
FireBest Stable_DomainBuildConfirmOptions",,,
stable_confirmOptsDomain,Stable_DomainBuildConfirmOptions,boggledObjectiveCanBuild $slBuildType,,,"boggledDomainbuildProceed:Proceed
SL_cancelBuild:Never mind",
stable_confirmOptsCantDomain,Stable_DomainBuildConfirmOptions,!boggledObjectiveCanBuild $slBuildType,SetEnabled boggledDomainbuildProceed false,,"boggledDomainbuildProceed:Proceed
SL_cancelBuild:Never mind",
stable_buildProceedDomain,DialogOptionSelected,$option == boggledDomainbuildProceed,"boggledObjectiveBuild $slBuildType
DismissDialog",,,
,,,,,,
#Upgrading sector-tech stable location structures
,,,,,,
stable_upgradeRelayDomainOpt,COB_AddOptions,"boggledObjectiveCheckEnabled
$tag:makeshift
$tag:comm_relay",,,21:SL_upgradeToDomainRelay:Upgrade this relay to Domain-tech,
stable_upgradeArrayDomainOpt,COB_AddOptions,"boggledObjectiveCheckEnabled
$tag:makeshift
$tag:sensor_array",,,21:SL_upgradeToDomainArray:Upgrade this sensor array to Domain-tech,
stable_upgradeBuoyDomainOpt,COB_AddOptions,"boggledObjectiveCheckEnabled
$tag:makeshift
$tag:nav_buoy",,,21:SL_upgradeToDomainBuoy:Upgrade this nav buoy to Domain-tech,
#
stable_upgradeToDomainRelay,DialogOptionSelected,$option == SL_upgradeToDomainRelay,"$slBuildType = comm_relay 0
boggledObjectivePrintDescription $slBuildType
FireBest Stable_DomainUpgradeConfirmOptions",,,
stable_upgradeToDomainArray,DialogOptionSelected,$option == SL_upgradeToDomainArray,"$slBuildType = sensor_array 0
boggledObjectivePrintDescription $slBuildType
FireBest Stable_DomainUpgradeConfirmOptions",,,
stable_upgradeToDomainBuoy,DialogOptionSelected,$option == SL_upgradeToDomainBuoy,"$slBuildType = nav_buoy 0
boggledObjectivePrintDescription $slBuildType
FireBest Stable_DomainUpgradeConfirmOptions",,,
#
stable_confirmOptsDomainUpgrade,Stable_DomainUpgradeConfirmOptions,boggledObjectiveCanBuild $slBuildType,,,"boggledDomainUpgradeProceed:Proceed
SL_cancelUpgrade:Never mind",
stable_confirmOptsCantDomainUpgrade,Stable_DomainUpgradeConfirmOptions,!boggledObjectiveCanBuild $slBuildType,SetEnabled boggledDomainUpgradeProceed false,,"boggledDomainUpgradeProceed:Proceed
SL_cancelUpgrade:Never mind",
stable_upgradeProceedDomain,DialogOptionSelected,$option == boggledDomainUpgradeProceed,"boggledObjectiveBuild $slBuildType
DismissDialog",,,
stable_nevermindBoggledUpgrade,DialogOptionSelected,$option == SL_cancelUpgrade,"ShowDefaultVisual
FireAll COB_AddOptions
FireBest COB_DisableOptionsIfNeeded
FireAll COB_DisableIndividualOptions",,,