id,enable_settings,project_type,tooltip,tooltip_highlights,intel_complete_message,requirements,requirements_hidden,base_project_duration,dynamic_project_duration_modifiers,requirements_stall,requirements_reset,project_complete_effects,project_ongoing_effects,incomplete_message,incomplete_message_highlights,disrupted_message,disrupted_message_highlights
arid_type_change,boggledTerraformingContentEnabled,terraforming,"Arid type change",,Completed,"[
	{ 'requirement_id' : 'terraforming_world_type_allows_terraforming' },
	{ 'requirement_id' : 'terraforming_colony_not_arid_world' },
	{ 'requirement_id' : 'terraforming_colony_atmospheric_density_normal' },
	{ 'requirement_id' : 'terraforming_colony_atmosphere_not_toxic_or_irradiated' },
	{ 'requirement_id' : 'terraforming_colony_temperate_or_hot' },
	{ 'requirement_id' : 'terraforming_colony_has_stellar_reflectors' },
	{ 'requirement_id' : 'terraforming_colony_has_moderate_water_present' }
]","[ { 'requirement_id' : 'market_is_not_station' } ]",400,"[ 'terraforming_type_change_setting' ]",,,"[
	'arid_type_change',
	'market_add_habitable',
	'market_add_farmland_adequate',
	'market_add_organics_common',
	'market_remove_water_surface',
	'market_remove_volturnian_lobster_pens',
	'market_remove_farmland_poor',
	'market_remove_farmland_rich',
	'market_remove_farmland_bountiful',
	'market_remove_organics_trace',
	'market_remove_organics_abundant',
	'market_remove_organics_plentiful',
	'market_remove_volatiles_trace',
	'market_remove_volatiles_diffuse',
	'market_remove_volatiles_abundant',
	'market_remove_volatiles_plentiful',

	'industry_remove_mesozoic_park'
]",,,,,
jungle_type_change,boggledTerraformingContentEnabled,terraforming,"Jungle type change",,Completed,"[
	{ 'requirement_id' : 'terraforming_world_type_allows_terraforming' },
	{ 'requirement_id' : 'terraforming_colony_not_jungle_world' },
	{ 'requirement_id' : 'terraforming_colony_atmospheric_density_normal' },
	{ 'requirement_id' : 'terraforming_colony_atmosphere_not_toxic_or_irradiated' },
	{ 'requirement_id' : 'terraforming_colony_temperate_or_hot' },
	{ 'requirement_id' : 'terraforming_colony_has_stellar_reflectors' },
	{ 'requirement_id' : 'terraforming_colony_has_moderate_water_present' }
]","[ { 'requirement_id' : 'market_is_not_station' } ]",400,[ 'terraforming_type_change_setting' ],,,"[
	'jungle_type_change',
	'market_add_habitable',
	'market_add_farmland_adequate',
	'market_add_organics_common',
	'market_remove_water_surface',
	'market_remove_volturnian_lobster_pens',
	'market_remove_farmland_poor',
	'market_remove_farmland_rich',
	'market_remove_farmland_bountiful',
	'market_remove_organics_trace',
	'market_remove_organics_abundant',
	'market_remove_organics_plentiful',
	'market_remove_volatiles_trace',
	'market_remove_volatiles_diffuse',
	'market_remove_volatiles_abundant',
	'market_remove_volatiles_plentiful',
]",,,,,
terran_type_change,boggledTerraformingContentEnabled,terraforming,"Terran type change",,Completed,"[
	{ 'requirement_id' : 'terraforming_world_type_allows_terraforming' },
	{ 'requirement_id' : 'terraforming_colony_not_terran_world' },
	{ 'requirement_id' : 'terraforming_colony_atmospheric_density_normal' },
	{ 'requirement_id' : 'terraforming_colony_atmosphere_not_toxic_or_irradiated' },
	{ 'requirement_id' : 'terraforming_colony_not_very_cold_or_very_hot' },
	{ 'requirement_id' : 'terraforming_colony_has_stellar_reflectors' },
	{ 'requirement_id' : 'terraforming_colony_has_moderate_water_present' }
]","[ { 'requirement_id' : 'market_is_not_station' } ]",400,[ 'terraforming_type_change_setting' ],,,"[
	'terran_type_change',
	'market_add_habitable',
	'market_add_farmland_adequate',
	'market_add_organics_trace',
	'market_optional_volatiles_trace',
	'market_remove_water_surface',
	'market_remove_volturnian_lobster_pens',
	'market_remove_farmland_poor',
	'market_remove_farmland_rich',
	'market_remove_farmland_bountiful',
	'market_remove_organics_common',
	'market_remove_organics_abundant',
	'market_remove_organics_plentiful',
	'market_remove_volatiles_diffuse',
	'market_remove_volatiles_abundant',
	'market_remove_volatiles_plentiful',
]",,,,,
water_type_change,boggledTerraformingContentEnabled,terraforming,"Water type change",,Completed,"[
	{ 'requirement_id' : 'terraforming_world_type_allows_terraforming' },
	{ 'requirement_id' : 'terraforming_colony_not_water_world' },
	{ 'requirement_id' : 'terraforming_colony_atmospheric_density_normal' },
	{ 'requirement_id' : 'terraforming_colony_atmosphere_not_toxic_or_irradiated' },
	{ 'requirement_id' : 'terraforming_colony_not_very_cold_or_very_hot' },
	{ 'requirement_id' : 'terraforming_colony_has_stellar_reflectors' },
	{ 'requirement_id' : 'terraforming_colony_has_large_water_present' }
]","[ { 'requirement_id' : 'market_is_not_station' } ]",400,[ 'terraforming_type_change_setting' ],,,"[
	'water_type_change',
	'market_add_habitable',
	'market_add_water_surface',
	'market_remove_farmland_poor',
	'market_remove_farmland_adequate',
	'market_remove_farmland_rich',
	'market_remove_farmland_bountiful',
	'market_remove_organics_trace',
	'market_remove_organics_common',
	'market_remove_organics_abundant',
	'market_remove_organics_plentiful',
	'market_remove_volatiles_trace',
	'market_remove_volatiles_diffuse',
	'market_remove_volatiles_abundant',
	'market_remove_volatiles_plentiful',
]",,,,,
tundra_type_change,boggledTerraformingContentEnabled,terraforming,"Tundra type change",,Completed,"[
	{ 'requirement_id' : 'terraforming_world_type_allows_terraforming' },
	{ 'requirement_id' : 'terraforming_colony_not_tundra_world' },
	{ 'requirement_id' : 'terraforming_colony_atmospheric_density_normal' },
	{ 'requirement_id' : 'terraforming_colony_atmosphere_not_toxic_or_irradiated' },
	{ 'requirement_id' : 'terraforming_colony_temperate_or_cold' },
	{ 'requirement_id' : 'terraforming_colony_has_stellar_reflectors' },
	{ 'requirement_id' : 'terraforming_colony_has_moderate_water_present' }
]","[ { 'requirement_id' : 'market_is_not_station' } ]",400,[ 'terraforming_type_change_setting' ],,,"[
	'tundra_type_change',
	'market_add_habitable',
	'market_add_farmland_adequate',
	'market_add_organics_trace',
	'market_optional_volatiles_trace',
	'market_remove_water_surface',
	'market_remove_volturnian_lobster_pens',
	'market_remove_farmland_poor',
	'market_remove_farmland_rich',
	'market_remove_farmland_bountiful',
	'market_remove_organics_common',
	'market_remove_organics_abundant',
	'market_remove_organics_plentiful',
	'market_remove_volatiles_diffuse',
	'market_remove_volatiles_abundant',
	'market_remove_volatiles_plentiful',

	'industry_remove_mesozoic_park'
]",,,,,
frozen_type_change,boggledTerraformingContentEnabled,terraforming,"Frozen type change",,Completed,"[
	{ 'requirement_id' : 'terraforming_world_type_allows_terraforming' },
	{ 'requirement_id' : 'terraforming_colony_not_frozen_world' },
	{ 'requirement_id' : 'terraforming_colony_atmospheric_density_normal' },
	{ 'requirement_id' : 'terraforming_colony_very_cold' },
	{ 'requirement_id' : 'terraforming_colony_has_large_water_present' }
]","[ { 'requirement_id' : 'market_is_not_station' } ]",400,[ 'terraforming_type_change_setting' ],,,"[
	'frozen_type_change',
	'market_add_volatiles_abundant',
	'market_remove_habitable',
	'market_remove_water_surface',
	'market_remove_volturnian_lobster_pens',
	'market_remove_farmland_poor',
	'market_remove_farmland_adequate',
	'market_remove_farmland_rich',
	'market_remove_farmland_bountiful',
	'market_remove_organics_trace',
	'market_remove_organics_common',
	'market_remove_organics_abundant',
	'market_remove_organics_plentiful',
	'market_remove_volatiles_trace',
	'market_remove_volatiles_diffuse',
	'market_remove_volatiles_plentiful',

	'industry_remove_mesozoic_park'
]",,,,,
,,,,,,,,,,,,,,,,,
farmland_resource_improvement,boggledTerraformingContentEnabled,terraforming,"Farmland resource improvement",,Completed,"[
	{ 'requirement_id' : 'terraforming_world_type_supports_farmland_improvement' },
	{ 'requirement_id' : 'terraforming_colony_atmospheric_density_normal' },
	{ 'requirement_id' : 'terraforming_colony_atmosphere_not_toxic_or_irradiated' },
	{ 'requirement_id' : 'terraforming_colony_has_large_water_present' }
]","[ { 'requirement_id' : 'market_is_not_station' } ]",200,[ 'resource_improvement_setting' ],,,"[ 'market_progress_farmland' ]",,,,,
organics_resource_improvement,boggledTerraformingContentEnabled,terraforming,"Organics resource improvement",,Completed,"[ { 'requirement_id' : 'terraforming_world_type_supports_organics_improvement' } ]","[ { 'requirement_id' : 'market_is_not_station' } ]",200,[ 'resource_improvement_setting' ],,,"[ 'market_progress_organics' ]",,,,,
volatiles_resource_improvement,boggledTerraformingContentEnabled,terraforming,"Volatiles resource improvement",,Completed,"[ { 'requirement_id' : 'terraforming_world_type_supports_volatiles_improvement' } ]","[ { 'requirement_id' : 'market_is_not_station' } ]",200,[ 'resource_improvement_setting' ],,,"[ 'market_progress_volatiles' ]",,,,,
,,,,,,,,,,,,,,,,,
extreme_weather_condition_improvement,boggledTerraformingContentEnabled,terraforming,"Stabilize weather patterns",,Completed,"[
	{ 'requirement_id' : 'terraforming_world_type_allows_terraforming' },
	{ 'requirement_id' : 'terraforming_colony_has_extreme_weather' },
	{ 'requirement_id' : 'terraforming_colony_atmospheric_density_normal' },
	{ 'requirement_id' : 'terraforming_colony_has_atmosphere_processor' }
]","[ { 'requirement_id' : 'market_is_not_station' } ]",200,[ 'condition_improvement_setting' ],,,"[ 'market_remove_extreme_weather' ]",,,,,
mild_climate_condition_improvement,boggledTerraformingContentEnabled,terraforming,"Make climate mild",,Completed,"[
	{ 'requirement_id' : 'terraforming_colony_has_normal_climate' },
	{ 'requirement_id' : 'terraforming_colony_habitable' },
	{ 'requirement_id' : 'terraforming_world_type_allows_mild_climate' },
	{ 'requirement_id' : 'terraforming_colony_atmospheric_density_normal' },
	{ 'requirement_id' : 'terraforming_colony_has_atmosphere_processor' }
]","[ { 'requirement_id' : 'market_is_not_station' } ]",200,[ 'condition_improvement_setting' ],,,"[ 'market_add_mild_climate' ]",,,,,
habitable_condition_improvement,boggledTerraformingContentEnabled,terraforming,"Make atmosphere habitable",,Completed,"[
	{ 'requirement_id' : 'terraforming_colony_not_habitable' },
	{ 'requirement_id' : 'terraforming_world_type_allows_human_habitability' },
	{ 'requirement_id' : 'terraforming_colony_atmospheric_density_normal' },
	{ 'requirement_id' : 'terraforming_colony_not_very_cold_or_very_hot' },
	{ 'requirement_id' : 'terraforming_colony_atmosphere_not_toxic_or_irradiated' },
	{ 'requirement_id' : 'terraforming_colony_has_atmosphere_processor' }
]","[ { 'requirement_id' : 'market_is_not_station' } ]",200,[ 'condition_improvement_setting' ],,,"[ 'market_add_habitable' ]",,,,,
atmosphere_density_condition_improvement,boggledTerraformingContentEnabled,terraforming,"Normalize atmospheric density",,Completed,"[
	{ 'requirement_id' : 'terraforming_colony_atmosphere_suboptimal_density' },
	{ 'requirement_id' : 'terraforming_world_type_allows_terraforming' },
	{ 'requirement_id' : 'terraforming_colony_has_atmosphere_processor' }
]","[ { 'requirement_id' : 'market_is_not_station' } ]",200,[ 'condition_improvement_setting' ],,,"[
	'market_remove_no_atmosphere',
	'market_remove_thin_atmosphere',
	'market_remove_dense_atmosphere'
]",,,,,
toxic_atmosphere_condition_improvement,boggledTerraformingContentEnabled,terraforming,"Reduce atmospheric toxicity",,Completed,"[
	{ 'requirement_id' : 'terraforming_colony_atmosphere_toxic' },
	{ 'requirement_id' : 'terraforming_world_type_allows_terraforming' },
	{ 'requirement_id' : 'terraforming_colony_has_atmosphere_processor' }
]","[ { 'requirement_id' : 'market_is_not_station' } ]",200,[ 'condition_improvement_setting' ],,,"[ 'market_remove_toxic_atmosphere' ]",,,,,
irradiated_condition_improvement,boggledTerraformingContentEnabled | boggledTerraformingRemoveRadiationProjectEnabled,terraforming,"Remove atmospheric radiation",,Completed,"[
	{ 'requirement_id' : 'terraforming_colony_irradiated' },
	{ 'requirement_id' : 'terraforming_colony_has_genelab' }
]","[ { 'requirement_id' : 'market_is_not_station' } ]",200,[ 'condition_improvement_setting' ],,,"[ 'market_remove_irradiated' ]",,,,,
remove_atmosphere_condition_improvement,boggledTerraformingContentEnabled | boggledTerraformingRemoveAtmosphereProjectEnabled,terraforming,"Remove the atmosphere",,Completed,"[
	{ 'requirement_id' : 'terraforming_colony_has_atmosphere' },
	{ 'requirement_id' : 'terraforming_colony_barren_or_frozen' },
	{ 'requirement_id' : 'terraforming_colony_has_atmosphere_processor' }
]","[ { 'requirement_id' : 'market_is_not_station' } ]",200,[ 'condition_improvement_setting' ],,,"[
	'market_add_no_atmosphere',
	'market_remove_thin_atmosphere',
	'market_remove_toxic_atmosphere',
	'market_remove_dense_atmosphere',
	'market_remove_pollution',
	'market_remove_inimical_biosphere',
	'market_remove_extreme_weather',
	'market_remove_mild_climate',
	'market_remove_habitable',

	'industry_remove_mesozoic_park'
]",,,,,
,,,,,,,,,,,,,,,,,
craft_corrupted_nanoforge,boggledDomainTechCraftingEnabled,crafting,"Craft Corrupted Nanoforge",,Crafted,"[
	{ 'requirement_id' : 'crafting_colony_has_at_least_100k_inhabitants' },
	{ 'requirement_id' : 'crafting_colony_has_orbital_works_with_pristine_nanoforge' },
	{ 'requirement_id' : 'crafting_colony_storage_contains_at_least_easy_domain_artifacts' },
	{ 'requirement_id' : 'crafting_player_has_at_least_2_story_points' }
]",,,,,,"[
	'add_corrupted_nanoforge_to_storage',
	'remove_2_story_points_from_player',
	'remove_domain_artifacts_easy_from_storage'
]",,,,,
craft_pristine_nanoforge,boggledDomainTechCraftingEnabled,crafting,"Craft Pristine Nanoforge",,Crafted,"[
	{ 'requirement_id' : 'crafting_colony_has_at_least_100k_inhabitants' },
	{ 'requirement_id' : 'crafting_colony_has_orbital_works_with_pristine_nanoforge' },
	{ 'requirement_id' : 'crafting_colony_storage_contains_at_least_hard_domain_artifacts' },
	{ 'requirement_id' : 'crafting_player_has_at_least_2_story_points' }
]",,,,,,"[
	'add_pristine_nanoforge_to_storage',
	'remove_2_story_points_from_player',
	'remove_domain_artifacts_hard_from_storage'
]",,,,,
craft_synchrotron_core,boggledDomainTechCraftingEnabled,crafting,"Craft Synchrotron Core",,Crafted,"[
	{ 'requirement_id' : 'crafting_colony_has_at_least_100k_inhabitants' },
	{ 'requirement_id' : 'crafting_colony_has_orbital_works_with_pristine_nanoforge' },
	{ 'requirement_id' : 'crafting_colony_storage_contains_at_least_medium_domain_artifacts' },
	{ 'requirement_id' : 'crafting_player_has_at_least_2_story_points' }
]",,,,,,"[
	'add_synchrotron_core_to_storage',
	'remove_2_story_points_from_player',
	'remove_domain_artifacts_medium_from_storage'
]",,,,,
craft_hypershunt_tap,boggledDomainTechCraftingEnabled,crafting,"Craft Hypershunt Tap",,Crafted,"[
	{ 'requirement_id' : 'crafting_colony_has_at_least_100k_inhabitants' },
	{ 'requirement_id' : 'crafting_colony_has_orbital_works_with_pristine_nanoforge' },
	{ 'requirement_id' : 'crafting_colony_storage_contains_at_least_hard_domain_artifacts' },
	{ 'requirement_id' : 'crafting_player_has_at_least_2_story_points' }
]",,,,,,"[
	'add_hypershunt_tap_to_storage',
	'remove_2_story_points_from_player',
	'remove_domain_artifacts_hard_from_storage'
]",,,,,
craft_cryoarithmetic_engine,boggledDomainTechCraftingEnabled,crafting,"Craft Cryoarithmetic Engine",,Crafted,"[
	{ 'requirement_id' : 'crafting_colony_has_at_least_100k_inhabitants' },
	{ 'requirement_id' : 'crafting_colony_has_orbital_works_with_pristine_nanoforge' },
	{ 'requirement_id' : 'crafting_colony_storage_contains_at_least_medium_domain_artifacts' },
	{ 'requirement_id' : 'crafting_player_has_at_least_2_story_points' }
]",,,,,,"[
	'add_cryoarithmetic_engine_to_storage',
	'remove_2_story_points_from_player',
	'remove_domain_artifacts_medium_from_storage'
]",,,,,
craft_planetkiller_device,boggledDomainTechCraftingEnabled | boggledPlanetKillerEnabled,crafting,"Craft Planetkiller Device",,Crafted,"[
	{ 'requirement_id' : 'crafting_colony_has_at_least_100k_inhabitants' },
	{ 'requirement_id' : 'crafting_colony_has_orbital_works_with_pristine_nanoforge' },
	{ 'requirement_id' : 'crafting_colony_storage_contains_at_least_hard_domain_artifacts' },
	{ 'requirement_id' : 'crafting_player_has_at_least_2_story_points' }
]",,,,,,"[
	'add_planetkiller_device_to_storage',
	'remove_2_story_points_from_player',
	'remove_domain_artifacts_hard_from_storage'
]",,,,,
craft_orbital_fusion_lamp,boggledDomainTechCraftingEnabled,crafting,"Craft Orbital Fusion Lamp",,Crafted,"[
	{ 'requirement_id' : 'crafting_colony_has_at_least_100k_inhabitants' },
	{ 'requirement_id' : 'crafting_colony_has_orbital_works_with_pristine_nanoforge' },
	{ 'requirement_id' : 'crafting_colony_storage_contains_at_least_hard_domain_artifacts' },
	{ 'requirement_id' : 'crafting_player_has_at_least_2_story_points' }
]",,,,,,"[
	'add_orbital_fusion_lamp_to_storage',
	'remove_2_story_points_from_player',
	'remove_domain_artifacts_hard_from_storage'
]",,,,,
craft_fullerene_spool,boggledDomainTechCraftingEnabled,crafting,"Craft Fullerene Spool",,Crafted,"[
	{ 'requirement_id' : 'crafting_colony_has_at_least_100k_inhabitants' },
	{ 'requirement_id' : 'crafting_colony_has_orbital_works_with_pristine_nanoforge' },
	{ 'requirement_id' : 'crafting_colony_storage_contains_at_least_medium_domain_artifacts' },
	{ 'requirement_id' : 'crafting_player_has_at_least_2_story_points' }
]",,,,,,"[
	'add_fullerene_spool_to_storage',
	'remove_2_story_points_from_player',
	'remove_domain_artifacts_medium_from_storage'
]",,,,,
craft_plasma_dynamo,boggledDomainTechCraftingEnabled,crafting,"Craft Plasma Dynamo",,Crafted,"[
	{ 'requirement_id' : 'crafting_colony_has_at_least_100k_inhabitants' },
	{ 'requirement_id' : 'crafting_colony_has_orbital_works_with_pristine_nanoforge' },
	{ 'requirement_id' : 'crafting_colony_storage_contains_at_least_medium_domain_artifacts' },
	{ 'requirement_id' : 'crafting_player_has_at_least_2_story_points' }
]",,,,,,"[
	'add_plasma_dynamo_to_storage',
	'remove_2_story_points_from_player',
	'remove_domain_artifacts_medium_from_storage'
]",,,,,
craft_autonomous_mantle_bore,boggledDomainTechCraftingEnabled,crafting,"Craft Autonomous Mantle Bore",,Crafted,"[
	{ 'requirement_id' : 'crafting_colony_has_at_least_100k_inhabitants' },
	{ 'requirement_id' : 'crafting_colony_has_orbital_works_with_pristine_nanoforge' },
	{ 'requirement_id' : 'crafting_colony_storage_contains_at_least_medium_domain_artifacts' },
	{ 'requirement_id' : 'crafting_player_has_at_least_2_story_points' }
]",,,,,,"[
	'add_autonomous_mantle_bore_to_storage',
	'remove_2_story_points_from_player',
	'remove_domain_artifacts_medium_from_storage'
]",,,,,
craft_soil_nanites,boggledDomainTechCraftingEnabled,crafting,"Craft Soil Nanites",,Crafted,"[
	{ 'requirement_id' : 'crafting_colony_has_at_least_100k_inhabitants' },
	{ 'requirement_id' : 'crafting_colony_has_orbital_works_with_pristine_nanoforge' },
	{ 'requirement_id' : 'crafting_colony_storage_contains_at_least_medium_domain_artifacts' },
	{ 'requirement_id' : 'crafting_player_has_at_least_2_story_points' }
]",,,,,,"[
	'add_soil_nanites_to_storage',
	'remove_2_story_points_from_player',
	'remove_domain_artifacts_medium_from_storage'
]",,,,,
craft_catalytic_core,boggledDomainTechCraftingEnabled,crafting,"Craft Catalytic Core",,Crafted,"[
	{ 'requirement_id' : 'crafting_colony_has_at_least_100k_inhabitants' },
	{ 'requirement_id' : 'crafting_colony_has_orbital_works_with_pristine_nanoforge' },
	{ 'requirement_id' : 'crafting_colony_storage_contains_at_least_medium_domain_artifacts' },
	{ 'requirement_id' : 'crafting_player_has_at_least_2_story_points' }
]",,,,,,"[
	'add_catalytic_core_to_storage',
	'remove_2_story_points_from_player',
	'remove_domain_artifacts_medium_from_storage'
]",,,,,
craft_drone_replicator,boggledDomainTechCraftingEnabled,crafting,"Craft Drone Replicator",,Crafted,"[
	{ 'requirement_id' : 'crafting_colony_has_at_least_100k_inhabitants' },
	{ 'requirement_id' : 'crafting_colony_has_orbital_works_with_pristine_nanoforge' },
	{ 'requirement_id' : 'crafting_colony_storage_contains_at_least_easy_domain_artifacts' },
	{ 'requirement_id' : 'crafting_player_has_at_least_2_story_points' }
]",,,,,,"[
	'add_drone_replicator_to_storage',
	'remove_2_story_points_from_player',
	'remove_domain_artifacts_easy_from_storage'
]",,,,,
craft_biofactory_embryo,boggledDomainTechCraftingEnabled,crafting,"Craft Biofactory Embryo",,Crafted,"[
	{ 'requirement_id' : 'crafting_colony_has_at_least_100k_inhabitants' },
	{ 'requirement_id' : 'crafting_colony_has_orbital_works_with_pristine_nanoforge' },
	{ 'requirement_id' : 'crafting_colony_storage_contains_at_least_medium_domain_artifacts' },
	{ 'requirement_id' : 'crafting_player_has_at_least_2_story_points' }
]",,,,,,"[
	'add_biofactory_embryo_to_storage',
	'remove_2_story_points_from_player',
	'remove_domain_artifacts_medium_from_storage'
]",,,,,
craft_dealmaker_holosuite,boggledDomainTechCraftingEnabled,crafting,"Craft Dealmaker Holosuite",,Crafted,"[
	{ 'requirement_id' : 'crafting_colony_has_at_least_100k_inhabitants' },
	{ 'requirement_id' : 'crafting_colony_has_orbital_works_with_pristine_nanoforge' },
	{ 'requirement_id' : 'crafting_colony_storage_contains_at_least_easy_domain_artifacts' },
	{ 'requirement_id' : 'crafting_player_has_at_least_2_story_points' }
]",,,,,,"[
	'add_dealmaker_holosuite_to_storage',
	'remove_2_story_points_from_player',
	'remove_domain_artifacts_easy_from_storage'
]",,,,,